,First Name,Last Name,Search Town,Search County,Search State,Name,"Home in 1790 (City, County, State)",index_new,valid
13,Jedediah,Norton,Berlin,Hartford County,CT,Jedidiah Norton,"Farmington, Hartford, Connecticut",35,1
40,John,Dow,Plainfield,Windham County,CT,John Day,"Killingley, Windham, Connecticut",97,0
43,John,Hale,Coventry,Tolland County,CT,Jno Hall,"Ellington, Tolland, Connecticut",103,0
44,John,Hale,Coventry,Tolland County,CT,Jona Hall,"Hebron, Tolland, Connecticut",104,0
49,Willam F,Miller,Farmington,Hartford County,CT,William Miller,"Glastonbury, Hartford, Connecticut",113,1
50,Willam F,Miller,Farmington,Hartford County,CT,William Miller Junior,"Glastonbury, Hartford, Connecticut",114,1
51,William Fowler,Miller,Farmington,Hartford County,CT,William Miller,"Glastonbury, Hartford, Connecticut",113,1
52,William Fowler,Miller,Farmington,Hartford County,CT,William Miller Junior,"Glastonbury, Hartford, Connecticut",114,1
156,Hezekiah,Wyllys,Hartford,Hartford County,CT,Hezekiah Wells,"East Windsor, Hartford, Connecticut",365,0
157,Hezekiah,Wyllys,Hartford,Hartford County,CT,Hezekiah Wells,"Wethersfield, Hartford, Connecticut",366,0
200,John,Stannard,Old Saybrook,Middlesex County,CT,Jno Stannard,"Saybrook, Middlesex, Connecticut",478,1
201,John,Stannard,Old Saybrook,Middlesex County,CT,"Jno, 2d Stannard II | Jno Stanmore II","Saybrook, Middlesex, Connecticut",479,1
224,William F,Miller,Farmington,Hartford County,CT,William Miller,"Glastonbury, Hartford, Connecticut",113,1
225,William F,Miller,Farmington,Hartford County,CT,William Miller Junior,"Glastonbury, Hartford, Connecticut",114,1
234,John,Howard,Hampton,Windham County,CT,Simon Howard | John Myrley,"Thompson, Windham, Connecticut",578,0
250,Samuel,Canfield,Sharon,Litchfield County,CT,Danl Canfield | Saml Camfield,"Litchfield, Litchfield, Connecticut",602,1
261,Isaac,Bronson,Suffield,Hartford County,CT,Isaac Brunson | Isaac Brown,"Southington, Hartford, Connecticut",630,0
262,Isaac,Bronson,Suffield,Hartford County,CT,Isaac Brunson,"Hartford, Hartford, Connecticut",631,0
282,Ebenezer,Bernard,Hartford,Hartford County,CT,Ebenezer Barnard,"Simsbury, Hartford, Connecticut",672,1
283,Nathaniel,Buell,Salisbury,Hillsborough County,NH,Nathl Ball | Nathl Bale,"Temple, Hillsborough, New Hampshire",684,0
284,Nathaniel,Buell,Salisbury,Hillsborough County,NH,Nathl Ball Junior,"Temple, Hillsborough, New Hampshire",685,0
288,William,Hyslop,Boston,Suffolk County,MA,Willm Hyslop,"Brookline, Suffolk, Massachusetts",694,1
289,William,Hyslop,Boston,Suffolk County,MA,Willm Hyslop Junior | Willm Hyslo Junior,"Brookline, Suffolk, Massachusetts",695,1
328,Ariel,Laurance,Norfolk,Litchfield County,CT,Arial Lawrance | Arial Laurance,"Litchfield, Litchfield, Connecticut",778,1
329,Ariel,Laurance,Norfolk,Litchfield County,CT,Arial Lawrence | Arial Laurence,"Litchfield, Litchfield, Connecticut",779,1
330,Ariel,Laurence,Norfolk,Litchfield County,CT,Arial Lawrance | Arial Laurance,"Litchfield, Litchfield, Connecticut",778,1
331,Ariel,Laurence,Norfolk,Litchfield County,CT,Arial Lawrence | Arial Laurence,"Litchfield, Litchfield, Connecticut",779,1
332,Ariel,Lawrence,Norfolk,Litchfield County,CT,Arial Lawrance | Arial Laurance,"Litchfield, Litchfield, Connecticut",778,1
333,Ariel,Lawrence,Norfolk,Litchfield County,CT,Arial Lawrence | Arial Laurence,"Litchfield, Litchfield, Connecticut",779,1
449,John,Williams,Baltimore,Baltimore County,MD,John G Williame | John G Williams | John G Williams,"Patapsco Lower Hundred, Baltimore, Maryland",990, 1
517,William,Matthews,Baltimore,Baltimore County,MD,William Mathews,"Back River Upper Hundred, Baltimore, Maryland",1125, 1
687,Joseph H,Shepard,Brentwood,Rockingham County,NH,Joseph Shepard,"Epping, Rockingham, New Hampshire",1465,1
688,Joseph H,Shepard,Brentwood,Rockingham County,NH,Joseph Shepard,"Pittsfield, Rockingham, New Hampshire",1466,1
689,Jacob Bagley,Currier,Amesbury,Essex County,MA,Jacob Currier,"Almsbury, Essex, Massachusetts",1477,1
690,Jacob Bagley,Currier,Amesbury,Essex County,MA,Jacob Currier,"Salisbury, Essex, Massachusetts",1478,0
691,Jacob Bagley,Currier,Amesbury,Essex County,MA,Jacob Currier,"Salisbury, Essex, Massachusetts",1479,0
692,Jacob Bagley,Currier,Amesbury,Essex County,MA,Jacob Currier,"Salisbury, Essex, Massachusetts",1480,0
696,Robert,Bridges,Philadelphia,Philadelphia County,PA,Robt (Sail Maker) Bridges | Robt Bridges,"Water Street East Side, Philadelphia, Pennsylvania",1490,1
699,John F,Mifflin,Philadelphia,Philadelphia County,PA,John Mifflin,"Northern Liberties, Philadelphia, Pennsylvania",1501,1
700,John F,Mifflin,Philadelphia,Philadelphia County,PA,John Mifflin,"Water Street East Side, Philadelphia, Pennsylvania",1502,1
701,John F,Mifflin,Philadelphia,Philadelphia County,PA,John (Genl Man) Mifflin | John Mifflin,"Water Street East Side, Philadelphia, Pennsylvania",1503,1
702,John F,Mifflin,Philadelphia,Philadelphia County,PA,"John, Esq. (Atty At Law) Mifflin | John Mifflin | John Mifflin | John Mifflin, Esq.","Water Street East Side, Philadelphia, Pennsylvania",1504,1
706,John Clement,Stocker,Philadelphia,Philadelphia County,PA,Clement Stocker,"Water Street East Side, Philadelphia, Pennsylvania",1511,1
707,John Clement,Stocker,Philadelphia,Philadelphia County,PA,Jn Cumins (Mert) Stocker | Jn C Amena Stocker,"Water Street East Side, Philadelphia, Pennsylvania",1512,1
711,Robert,Morris,Philadelphia,Philadelphia County,PA,"Robert, Esq. (Mercht & Counting Ho. P. U. S.; S.) Morris | Robert Monis","Water Street East Side, Philadelphia, Pennsylvania",1516,1
716,Robert,Smith,Philadelphia,Philadelphia County,PA,Robt Smith | Robt Smith,"Southwark, Philadelphia, Pennsylvania",1523,1
732,John,Barclay,Philadelphia,Philadelphia County,PA,John Barckley,"Water Street East Side, Philadelphia, Pennsylvania",1549,1
733,John,Barclay,Philadelphia,Philadelphia County,PA,John Barcley | John Barckley,"Water Street East Side, Philadelphia, Pennsylvania",1550,1
734,John,Barclay,Philadelphia,Philadelphia County,PA,"John, Esqr Barcly | John Backley","Water Street East Side, Philadelphia, Pennsylvania",1551,1
737,William,Hayes,Philadelphia,Philadelphia County,PA,Wm (Iron Mert) Hays | Wm Hays Iron | William Hays Irons | Wm Hays,"Water Street East Side, Philadelphia, Pennsylvania",1558,1
741,James,Duncan,Philadelphia,Philadelphia County,PA,James (Mariner) Duncan | James Dunsom,"Water Street East Side, Philadelphia, Pennsylvania",1577,1
747,Joseph,Huddell,Philadelphia,Philadelphia County,PA,Joseph (Cooper) Huddle | Joseph Huddle,"Southwark, Philadelphia, Pennsylvania",1593,1
748,Joseph,Huddell,Philadelphia,Philadelphia County,PA,Joseph Huddle,"Southwark, Philadelphia, Pennsylvania",1594,1
749,Joseph,Huddell,Philadelphia,Philadelphia County,PA,Stave Mert | Joseph Huddle,"Southwark, Philadelphia, Pennsylvania",1595,1
750,Mordeai,Lewis,Philadelphia,Philadelphia County,PA,Mordica & Co. (Mert) Lewis | Mordica Lewis,"Water Street East Side, Philadelphia, Pennsylvania",1596,1
751,Mordeai,Lewis,Philadelphia,Philadelphia County,PA,Nathl (Mert) Lewis | Nathe Lewis,"Water Street East Side, Philadelphia, Pennsylvania",1597,1
762,Richard,Bache,Philadelphia,Philadelphia County,PA,"Richard, Esqr Bache | Richard Barne","Water Street East Side, Philadelphia, Pennsylvania",1622,1
768,Joseph C,Fisher,Philadelphia,Philadelphia County,PA,Joseph C. (Hatter) Fisher | Joseph Fisher,"Water Street East Side, Philadelphia, Pennsylvania",1633,1
769,Joseph C,Fisher,Philadelphia,Philadelphia County,PA,Joseph Fisher,"Water Street East Side, Philadelphia, Pennsylvania",1634,0
796,Richard,Potter,Philadelphia,Philadelphia County,PA,Richd Potter| Richard James Potter,"Water Street East Side, Philadelphia, Pennsylvania",1685,1
797,Richard,Potter,Philadelphia,Philadelphia County,PA,Richd & James (Mercht) Potter | Richd Potter,"Water Street East Side, Philadelphia, Pennsylvania",1686,1
803,Israel,Whelen,Philadelphia,Philadelphia County,PA,Israel Wheelen | Israel Wheeler,"Water Street East Side, Philadelphia, Pennsylvania",1690,1
804,Israel,Whelen,Philadelphia,Philadelphia County,PA,Israel (Grocer) Wheelen | Israel Wheelen,"Water Street East Side, Philadelphia, Pennsylvania",1691,1
806,John,Barry,Philadelphia,Philadelphia County,PA,John (School Master) Barrey | John Barrey,"Water Street East Side, Philadelphia, Pennsylvania",1693,0
807,John,Barry,Philadelphia,Philadelphia County,PA,Jno (Laborer) Barry | Jno Barry,"Southwark, Philadelphia, Pennsylvania",1694,1
810,Archibald,Mccall,Philadelphia,Philadelphia County,PA,Archibald McCall,"Water Street East Side, Philadelphia, Pennsylvania",1702,1
811,Archibald,Mccall,Philadelphia,Philadelphia County,PA,Archd (Mert.) McCall | Archd McCall | Archibald McCall,"Water Street East Side, Philadelphia, Pennsylvania",1703,1
814,Richard,Wistar,Philadelphia,Philadelphia County,PA,Richard (Mercht) Wistar,"Water Street East Side, Philadelphia, Pennsylvania",1708,1
815,Richard,Wistar,Philadelphia,Philadelphia County,PA,Richd Wisters,"Water Street East Side, Philadelphia, Pennsylvania",1709,0
835,andrew,Pettit,Philadelphia,Philadelphia County,PA,Charles & Andrew (Mercht) Pettit | Charles Andrew Pettet,"Water Street East Side, Philadelphia, Pennsylvania",1749,1
836,andrew,Pettit,Philadelphia,Philadelphia County,PA,Andrew Pettet,"Water Street East Side, Philadelphia, Pennsylvania",1750,0
839,Mary,Robeson,Philadelphia,Philadelphia County,PA,Mary Robinson,"Northern Liberties, Philadelphia, Pennsylvania",1755,0
840,Mary,Robeson,Philadelphia,Philadelphia County,PA,Mary (Widow) Robenson | Mary Robinson,"Water Street East Side, Philadelphia, Pennsylvania",1756,1
845,John,Mccrea,Philadelphia,Philadelphia County,PA,John (Broker) McCree | John McCree,"Water Street East Side, Philadelphia, Pennsylvania",1763,0
846,John,Mccrea,Philadelphia,Philadelphia County,PA,Jno (House Carpenr) McRoy | Jno McRoy,"Southwark, Philadelphia, Pennsylvania",1764,0
847,John,Mccree,Philadelphia,Philadelphia County,PA,John (Broker) McCree | John McCree,"Water Street East Side, Philadelphia, Pennsylvania",1763,1
848,John,Mccree,Philadelphia,Philadelphia County,PA,Jno (House Carpenr) McRoy | Jno McRoy,"Southwark, Philadelphia, Pennsylvania",1764,0
851,William,Rush,Philadelphia,Philadelphia County,PA,William (Grazier) Rush | William Ruch,"Water Street East Side, Philadelphia, Pennsylvania",1767,1
854,John,West,Philadelphia,Philadelphia County,PA,"John, Junr (Shop Keeper) Guest Junior | John Guen Junior","Water Street East Side, Philadelphia, Pennsylvania",1773,0
855,John,West,Philadelphia,Philadelphia County,PA,Francis & Jno (Mert) West | West Francis,"Water Street East Side, Philadelphia, Pennsylvania",1774,0
856,John,West,Philadelphia,Philadelphia County,PA,Jno West,"Water Street East Side, Philadelphia, Pennsylvania",1775,1
859,John,Whiteman,Philadelphia,Philadelphia County,PA,John Weitman | David Weitman | David Weitman,"Northern Liberties, Philadelphia, Pennsylvania",1778,1
860,John,Whiteman,Philadelphia,Philadelphia County,PA,John Weitman,"Northern Liberties, Philadelphia, Pennsylvania",1779,1
893,James C,Fisher,Philadelphia,Philadelphia County,PA,Joseph C. (Hatter) Fisher | Joseph Fisher,"Water Street East Side, Philadelphia, Pennsylvania",1633,1
894,James C,Fisher,Philadelphia,Philadelphia County,PA,Jas Fisher | Jas Samuel Fisher,"Water Street East Side, Philadelphia, Pennsylvania",1820,0
909,Robert,Waln,Philadelphia,Philadelphia County,PA,Robt Waln,"Water Street East Side, Philadelphia, Pennsylvania",1842,1
926,Thomas L,Moore,Philadelphia,Philadelphia County,PA,Thomas (Gent) Moore | Thomas Moore,"Water Street East Side, Philadelphia, Pennsylvania",1875,1
927,Thomas L,Moore,Philadelphia,Philadelphia County,PA,Thomas (Sadler) Moore | Thomas Moore,"Water Street East Side, Philadelphia, Pennsylvania",1876,1
930,Walter,Stewart,Philadelphia,Philadelphia County,PA,Walter (Mariner) Stewart | Watter Stewart,"Water Street East Side, Philadelphia, Pennsylvania",1879,1
931,Walter,Stewart,Philadelphia,Philadelphia County,PA,Walter (Mercht; R. M. Dwelling) Stewart | Matter Stewart,"Water Street East Side, Philadelphia, Pennsylvania",1880,1
1015,John,White,Philadelphia,Philadelphia County,PA,John M Whyatt,"Water Street East Side, Philadelphia, Pennsylvania",1993,0
1027,James,Moore,Philadelphia,Philadelphia County,PA,James More,"Blockley, Philadelphia, Pennsylvania",2017,0
1028,James,Moore,Philadelphia,Philadelphia County,PA,James (Taylor) Moor | James Moor,"Southwark, Philadelphia, Pennsylvania",2018,1
1029,George,Ludlam,Philadelphia,Philadelphia County,PA,George Ludlom,"Water Street East Side, Philadelphia, Pennsylvania",2020,1
1030,George,Ludlam,Philadelphia,Philadelphia County,PA,Geo. (Plummer) Ludlum | Robert Ludlum,"Water Street East Side, Philadelphia, Pennsylvania",2021,1
1033,John,Mcconnell,Philadelphia,Philadelphia County,PA,John (Lab) McConnell | John McConnell,"Water Street East Side, Philadelphia, Pennsylvania",2025,1
1034,John,Mcconnell,Philadelphia,Philadelphia County,PA,Jno (Weaver) McConnell | Jno McConnell,"Southwark, Philadelphia, Pennsylvania",2026,1
1039,Benjamin,Harbeson,Philadelphia,Philadelphia County,PA,Benjn Harbeson | Benjm Harbeson,"Oxford, Philadelphia, Pennsylvania",2035,1
1040,Benjamin,Harbeson,Philadelphia,Philadelphia County,PA,Benja (Coppersmith) Harbeson | Benj Harbeson,"Water Street East Side, Philadelphia, Pennsylvania",2036,1
1042,Frederick,Shinkle,Philadelphia,Philadelphia County,PA,Fredrick (Skin Dressr) Shinkle | Fredrick Shinkle,"Water Street East Side, Philadelphia, Pennsylvania",2040,1
1090,John,Cox,Philadelphia,Philadelphia County,PA,James Cox | James Ino Cox,"Water Street East Side, Philadelphia, Pennsylvania",1491,0
1104,Thomas,Bell,Philadelphia,Philadelphia County,PA,Captain Capt. Thos (Marr) Bell | Captain Thos Bell,"Water Street East Side, Philadelphia, Pennsylvania",2170,1
1105,Thomas,Bell,Philadelphia,Philadelphia County,PA,Thos (Joiner) Bell | Thos Bell,"Water Street East Side, Philadelphia, Pennsylvania",2171,1
1113,John,Long,Philadelphia,Philadelphia County,PA,Wm (Joiner) Long | Wm Long,"Water Street East Side, Philadelphia, Pennsylvania",2182,0
1114,Israel,Whalen,Philadelphia,Philadelphia County,PA,Israel Wheelen | Israel Wheeler,"Water Street East Side, Philadelphia, Pennsylvania",1690,1
1115,Israel,Whalen,Philadelphia,Philadelphia County,PA,Israel (Grocer) Wheelen | Israel Wheelen,"Water Street East Side, Philadelphia, Pennsylvania",1691,1
1116,William,Wistar,Philadelphia,Philadelphia County,PA,William (Mercht) Wistar | William Weitar,"Water Street East Side, Philadelphia, Pennsylvania",2184,1
1117,William,Wistar,Philadelphia,Philadelphia County,PA,Wm (Mert) Wister | Wm Wester,"Water Street East Side, Philadelphia, Pennsylvania",2185,1
1118,William,Wister,Philadelphia,Philadelphia County,PA,William (Mercht) Wistar | William Weitar,"Water Street East Side, Philadelphia, Pennsylvania",2184,1
1119,William,Wister,Philadelphia,Philadelphia County,PA,Wm (Mert) Wister | Wm Wester,"Water Street East Side, Philadelphia, Pennsylvania",2185,1
1140,andrew,Summeres,Philadelphia,Philadelphia County,PA,Andr Summers | Ande Summers,"Water Street East Side, Philadelphia, Pennsylvania",1559,1
1141,andrew,Summeres,Philadelphia,Philadelphia County,PA,Andw (Broker) Sommers | Andw Sommers,"Southwark, Philadelphia, Pennsylvania",2224,1
1148,John,Craig,Philadelphia,Philadelphia County,PA,Jno Craig,"Water Street East Side, Philadelphia, Pennsylvania",2233,1
1149,John,Reed,Philadelphia,Philadelphia County,PA,John Vanread | John Danread | John Van Reed,"Water Street East Side, Philadelphia, Pennsylvania",2238,0
1150,John,Reed,Philadelphia,Philadelphia County,PA,John (Mert) Van Reade | John Vandeade,"Water Street East Side, Philadelphia, Pennsylvania",2239,0
1153,Robert,Taggart,Philadelphia,Philadelphia County,PA,Robert (Gent.) Taggart | Robert Taggars,"Water Street East Side, Philadelphia, Pennsylvania",2244,1
1154,Robert,Taggart,Philadelphia,Philadelphia County,PA,Robt (Laborer) Taggart | Robt Taggart,"Southwark, Philadelphia, Pennsylvania",2245,1
1155,Ann,Cook,Philadelphia,Philadelphia County,PA,John Cook,"Northern Liberties, Philadelphia, Pennsylvania",2249,0
1156,Ann,Cook,Philadelphia,Philadelphia County,PA,John (Barber) Cook | John Cook,"Water Street East Side, Philadelphia, Pennsylvania",2250,0
1161,John,Cooke,Philadelphia,Philadelphia County,PA,John Cook,"Northern Liberties, Philadelphia, Pennsylvania",2249,1
1162,John,Cooke,Philadelphia,Philadelphia County,PA,John (Barber) Cook | John Cook,"Water Street East Side, Philadelphia, Pennsylvania",2250,1
1186,Abraham,Dubois,Philadelphia,Philadelphia County,PA,Abrm (Gold Smith) Dubois | Abra Dubois,"Water Street East Side, Philadelphia, Pennsylvania",2293,1
1189,George,Aston,Philadelphia,Philadelphia County,PA,George (Mercht) Aston | George Arton,"Water Street East Side, Philadelphia, Pennsylvania",2298,1
1198,Benjamin,Morgan,Philadelphia,Philadelphia County,PA,"Benjamin R., Esq. (Atty At Law) Morgan | Benjamin R Morgan","Water Street East Side, Philadelphia, Pennsylvania",2317,1
1199,Benjamin,Morgan,Philadelphia,Philadelphia County,PA,Benjn Morgan,"Water Street East Side, Philadelphia, Pennsylvania",2318,1
1200,Benjamin,Morgan,Philadelphia,Philadelphia County,PA,Benjn (Mert) Morgan | Benjn Morgan,"Water Street East Side, Philadelphia, Pennsylvania",2319,1
1201,John,Budd,Philadelphia,Philadelphia County,PA,John Boyd,"Southwark, Philadelphia, Pennsylvania",2320,0
1202,John,Budd,Philadelphia,Philadelphia County,PA,Jno (Rope Mar) Boyd | Jno Boyd,"Southwark, Philadelphia, Pennsylvania",2321,0
1211,John,Steinmety,Philadelphia,Philadelphia County,PA,John (Mercht) Steinmetz | John Steinmetz,"Water Street East Side, Philadelphia, Pennsylvania",2342,1
1216,William,Shippen,Philadelphia,Philadelphia County,PA,Doctor Doctr Wm (Phy. & Professor of Anatomy in Un. & Col.) Shippin | Doctor Wm Shippin | Doctor WmShippen,"Water Street East Side, Philadelphia, Pennsylvania",2349,1
1224,andrew,Boshart,Philadelphia,Philadelphia County,PA,Andrew Boshart,"Water Street East Side, Philadelphia, Pennsylvania",2362,1
1225,andrew,Boshart,Philadelphia,Philadelphia County,PA,Andrew Boshart Junior,"Water Street East Side, Philadelphia, Pennsylvania",2363,1
1226,John,Phillips,Philadelphia,Philadelphia County,PA,Jonas (Mercht) Phillips | Jonai Phillips,"Water Street East Side, Philadelphia, Pennsylvania",2366,0
1227,John,Phillips,Philadelphia,Philadelphia County,PA,John (Gent.) Philips | John Philips,"Water Street East Side, Philadelphia, Pennsylvania",2367,1
1228,John,Phillips,Philadelphia,Philadelphia County,PA,John (Ivory Turner) Philips | John Philips,"Water Street East Side, Philadelphia, Pennsylvania",2368,1
1229,John,Phillips,Philadelphia,Philadelphia County,PA,Jno (Taylor) Philips | Jno Philips,"Southwark, Philadelphia, Pennsylvania",2369,1
1239,David,Jackosn,Philadelphia,Philadelphia County,PA,David Jackson,"Northern Liberties, Philadelphia, Pennsylvania",2381,1
1240,David,Jackosn,Philadelphia,Philadelphia County,PA,David (Druggist) Jackson | David Jackson,"Water Street East Side, Philadelphia, Pennsylvania",2382,1
1300,Thoams,Leiper,Philadelphia,Philadelphia County,PA,Thos (Stevedore) Leiper | Thos Leiper,"Water Street East Side, Philadelphia, Pennsylvania",2498,1
1301,Thoams,Leiper,Philadelphia,Philadelphia County,PA,Thomas (Tobacconist & Snuff Maker) Leeper | Thomas Laper,"Water Street East Side, Philadelphia, Pennsylvania",2499,0
1302,Thomas,Leiper,Philadelphia,Philadelphia County,PA,Thos (Stevedore) Leiper | Thos Leiper,"Water Street East Side, Philadelphia, Pennsylvania",2498,1
1303,Thomas,Leiper,Philadelphia,Philadelphia County,PA,Thomas (Tobacconist & Snuff Maker) Leeper | Thomas Laper,"Water Street East Side, Philadelphia, Pennsylvania",2499,0
1313,James,Williams,North Scituate,Providence County,RI,James William,"Scituate, Providence, Rhode Island",2511,1
1316,Thomas,Mitchell,North Scituate,Providence County,RI,Thomas Mitchel,"Glocester, Providence, Rhode Island",2514,1
1362,Joanna,Cady,Plainfield,Windham County,CT,John Cady,"Brooklyne, Windham, Connecticut",2612,0
1363,Joanna,Cady,Plainfield,Windham County,CT,John Cady,"Thompson, Windham, Connecticut",2613,0
1367,John,Read,Somerset,Bristol County,MA,John Reed,"Dartmouth, Bristol, Massachusetts",2621,0
1368,John,Read,Somerset,Bristol County,MA,John Reed,"Freetown, Bristol, Massachusetts",2622,0
1369,John,Read,Somerset,Bristol County,MA,John Reed,"Taunton, Bristol, Massachusetts",2623,0
1375,Samuel,Wyatt,Rehoboth,Bristol County,MA,Samuel White,"Freetown, Bristol, Massachusetts",2634,0
1376,Samuel,Wyatt,Rehoboth,Bristol County,MA,Samuel White,"Mansfield, Bristol, Massachusetts",2635,0
1377,Samuel,Wyatt,Rehoboth,Bristol County,MA,Samuel White,"Raynham, Bristol, Massachusetts",2636,0
1395,Joanna,Jenckes,Providence,Providence County,RI,John Jenckes,"Smithfield, Providence, Rhode Island",2670,0
1396,Joanna,Jenckes,Providence,Providence County,RI,John Jenckes | John Jenckis,"Smithfield, Providence, Rhode Island",2671,0
1397,Joanna,Jenckes,Providence,Providence County,RI,John Jenkes | John Jenkis,"Cumberland, Providence, Rhode Island",2672,0
1399,Joanna,Jenkes,Providence,Providence County,RI,John Jenckes,"Smithfield, Providence, Rhode Island",2670,0
1400,Joanna,Jenkes,Providence,Providence County,RI,John Jenckes | John Jenckis,"Smithfield, Providence, Rhode Island",2671,0
1401,Joanna,Jenkes,Providence,Providence County,RI,John Jenkes | John Jenkis,"Cumberland, Providence, Rhode Island",2672,0
1406,Charles,Dyer,North Kingstown,Washington County,RI,Charles Dyre Junior,"North Kingston, Washington, Rhode Island",2711,1
1407,Charles,Dyer,North Kingstown,Washington County,RI,Collo Charles Dyre | Colls Charles Hyre,"North Kingston, Washington, Rhode Island",2712,1
1438,John,Mason,Swansea,Bristol County,MA,"John, 2d Mason II | John Manon II","Swanzey, Bristol, Massachusetts",2771,1
1457,Benjamin,Whipple,North Providence,Providence County,RI,Benajah Whipple,"Glocester, Providence, Rhode Island",2812,1
1463,Daniel,Read,Attleboro,Bristol County,MA,Daniel Reed,"Rehoboth, Bristol, Massachusetts",2819,1
1469,Benjamin,Hoxsie,Charlestown,Washington County,RI,Benjamin Hoxie,"Charleston, Washington, Rhode Island",2844,1
1470,Benjamin,Hoxsie,Charlestown,Washington County,RI,"Benjamin, Esqr Hoxie Esquire | Benjamin Hoxie Esquire","Charleston, Washington, Rhode Island",2845,1
1471,Benjamin,Hoxsie,Charlestown,Washington County,RI,Benjamin Hoxie,"Richmond, Washington, Rhode Island",2846,0
1496,Nathaniel,Medbury,North Scituate,Providence County,RI,Nathaniel Medberry,"Scituate, Providence, Rhode Island",2904,1
1497,Nathaniel,Medbury,North Scituate,Providence County,RI,Nathan Medbury,"Smithfield, Providence, Rhode Island",2905,0
1502,Ephraim,Browning,Charlestown,Washington County,RI,Epharim Browning,"South Kingston, Washington, Rhode Island",2917,1
1510,Isaac,Angell,North Providence,Providence County,RI,Isaac Angel,"Smithfield, Providence, Rhode Island",2933,0
1578,William,Washington,Charleston,Charleston County,SC,Willm Washington,"St Pauls, Charleston, South Carolina",3040,1
1588,Samuel,Miller,Charleston,Charleston County,SC,Saml Miller,"St Georges, Charleston, South Carolina",3072,1
1590,Daniel,Cannon,Charleston,Charleston County,SC,Dan Cannon,"St James Goose Creek, Charleston, South Carolina",3076,1
1592,George,Smith,Charleston,Charleston County,SC,Geo. (Esta) Smith | Geo Smith,"St James Goose Creek, Charleston, South Carolina",3079,1
1593,George,Smith,Charleston,Charleston County,SC,Geo Smith,"St James Goose Creek, Charleston, South Carolina",3080,1
1594,John,Vaughan,Philadelphia,Philadelphia County,PA,John Vaughn,"Water Street East Side, Philadelphia, Pennsylvania",3082,1
1595,John,Vaughan,Philadelphia,Philadelphia County,PA,John (Mert) Vaughn | John Vaughn,"Water Street East Side, Philadelphia, Pennsylvania",3083,1
1598,Thomas,Pinckney,Charleston,Charleston County,SC,Thos Pinckney,"St James Santee, Charleston, South Carolina",3093,1
1599,Thomas,Pinckney,Charleston,Charleston County,SC,Thos Pinkney,"St Bartholomes, Charleston, South Carolina",3094,1
1608,Thomas,Shubrick,Charleston,Charleston County,SC,Thos Shubrick | Thos Shadrick,"Christ Church, Charleston, South Carolina",3115,1
1609,Thomas,Shubrick,Charleston,Charleston County,SC,Thos Shubrick,"St Thomas, Charleston, South Carolina",3116,1
1617,Ann,Cordes,Johns Island,Charleston County,SC,John Cordes | John Corder,"St Phillips and St Michaels, Charleston, South Carolina",3140,1
1618,Ann,Cordes,Johns Island,Charleston County,SC,John Cords | John Goods,"St Stephens, Charleston, South Carolina",3141,1
1619,Ann,Cordes,Johns Island,Charleston County,SC,Mr Cord | On Indermaur,"St Stephens, Charleston, South Carolina",3142,1
1626,John,Owen,Charleston,Charleston County,SC,John Owans | John Ouam,"St Bartholomes, Charleston, South Carolina",3151,1
1627,John,Owen,Charleston,Charleston County,SC,John Owans,"St Johns, Charleston, South Carolina",3152,1
1631,Peter,Smith,Charleston,Charleston County,SC,Petter Smith,"St Bartholomes, Charleston, South Carolina",3157,1
1634,Charles Coteaworth,Pinckney,Charleston,Charleston County,SC,Charles Pinckney,"St Phillips and St Michaels, Charleston, South Carolina",3161,0
1635,Charles Coteaworth,Pinckney,Charleston,Charleston County,SC,Charles C Pinckney | Charles C Pinkney,"St Phillips and St Michaels, Charleston, South Carolina",3162,1
1636,Charles Coteaworth,Pinckney,Charleston,Charleston County,SC,Charles Pinkney,"St Bartholomes, Charleston, South Carolina",3163,0
1639,Isacc,Hazelehurst,Philadelphia,Philadelphia County,PA,Isaac Hazelhurst | Isaac Haselhurst,"Water Street East Side, Philadelphia, Pennsylvania",3166,1
1640,Isacc,Hazelehurst,Philadelphia,Philadelphia County,PA,"Isaac, & Co. (Mert.) Hazelhurst | Isaac Hardham","Water Street East Side, Philadelphia, Pennsylvania",3167,1
1641,William Hasell,Gibbes,Charleston,Charleston County,SC,William Gibbes| William Gibbs,"St Andrews, Charleston, South Carolina",3168,1
1642,William Hasell,Gibbes,Charleston,Charleston County,SC,William H Gibbs | William K Gibbs | William H Gibbes,"St Phillips and St Michaels, Charleston, South Carolina",3169,1
1656,Edward,Lightwood,Charleston,Charleston County,SC,Edwd Lightwood,"St Andrews, Charleston, South Carolina",3202,1
1663,Richard,Hutson,Charleston,Charleston County,SC,Richard Hudson,"St Phillips and St Michaels, Charleston, South Carolina",3212,1
1664,Richard,Hutson,Charleston,Charleston County,SC,Richd Hampton| Richard Hudson,"St Andrews, Charleston, South Carolina",3213,1
1665,Richard,Hutson,Charleston,Charleston County,SC,Richd Hutson,"St Andrews, Charleston, South Carolina",3214,1
1668,Paul,Pritchard,Charleston,Charleston County,SC,Paul Prichard | Paul Parland,"Christ Church, Charleston, South Carolina",3221,1
1670,Thomas,Jones,Charleston,Charleston County,SC,Thos Jones,"St James Santee, Charleston, South Carolina",3224,1
1671,William Nevill,Thomas,Charleston,Charleston County,SC,Williams Thomas | William Thomas | William Thomas,"St Phillips and St Michaels, Charleston, South Carolina",3226,1
1672,William Nevill,Thomas,Charleston,Charleston County,SC,Wm Thomas,"St Georges, Charleston, South Carolina",3227,1
1675,James,Gordon,Charleston,Charleston County,SC,Jas Gordon | Jae Gordon,"St Johns, Charleston, South Carolina",3235,1
1687,Samuel,Prioleau,Charleston,Charleston County,SC,Sam Prioleau | Saml Prioleau,"St James Goose Creek, Charleston, South Carolina",3259,1
1688,Samuel,Prioleau,Charleston,Charleston County,SC,Saml Prioleau,"St James Goose Creek, Charleston, South Carolina",3260,1
291,Phineas,Miller,,,GA,"Charles, (S. P.) Miller Senior | Charles Miller Senior","Kent, Maryland",700,0
349,Archibald,Hervey,,,SC,Archd Hervey,"Harford, Maryland",823,0
350,Archibald,Hervey,,,SC,Archd Hervey | Richd Hervey,"Harford, Maryland",824,0
351,Archibald,Hervey,,,SC,Archibaid Harvey | Archibald Harvey,"Kent, Maryland",825,0
365,Morton,Williams,,,SC,Jas McWilliams | Jas M Williams,"Franklin, Pennsylvania",844,0
507,Jacob,Cox,,,VA,Jacob Cox,"Prince Georges, Maryland",1112,0
508,Jacob,Cox,,,VA,Jacob Cox,"Pasquotank, North Carolina",1113,0
529,Samuel,Beall,,,VA,Samuel Beall,"Montgomery, Maryland",1148,0
530,Samuel,Beall,,,VA,Samuel Beail | Samuel Boall | Samuel Beall,"Washington, Maryland",1149,0
531,Samuel,Beall,,,VA,Daniel Bayles | Samuel Bayler,"Harford, Maryland",1150,0
719,Edward,Thompson,,,PA,Edward Thompson,"Harford, Maryland",1526,0
720,Edward,Thompson,,,PA,Edwd Thompson,"Harford, Maryland",1527,0
764,Nathaniel G,Phillips,,,PA,Nathaniel Phillips,"Queen Annes, Maryland",1628,0
765,Nathaniel G,Phillips,,,PA,Nathan Phillips,"Queen Annes, Maryland",1629,0
766,Nathaniel G,Phillips,,,PA,Nathan Phillips | Nathan Phillip,"Queen Annes, Maryland",1630,0
785,Ebenezar,Denny,,,PA,James E Denney | E James Denney,"Talbot, Maryland",1658,0
787,Ebenezer,Denny,,,PA,James E Denney | E James Denney,"Talbot, Maryland",1658,0
799,Lieu John,Pratt,,,PA,Reverend John Roe Pratt | Reverend John Isatt,"Queen Annes, Maryland",1680
828,Hannah,Buck,,,PA,John (R. H.) Beck | John Beck,"Kent, Maryland",1737,0
913,William,Bond,,,PA,Captain Capt William Bond | Captain William Bonden | William Bond,"Montgomery, Maryland",1846,0
921,Jonathan,Gront,,,PA,Jonothan Grant | Jonathan Grant,"Talbot, Maryland",1864,0
963,Jeffrey,Clark,,,PA,Jessey Glark | Jefrey Clark | Jessey Clark | Jessey Clark | Jeffrey Clark | Jesse Clark,"Mecklenburg, North Carolina",1919,0
964,Jeffrey,Clark,,,PA,J Clarke | J Clark,"Claremont, South Carolina",1920,0
966,Jeffrey,Clerk,,,PA,Jessey Glark | Jefrey Clark | Jessey Clark | Jessey Clark | Jeffrey Clark | Jesse Clark,"Mecklenburg, North Carolina",1919,0
967,Jeffrey,Clerk,,,PA,J Clarke | J Clark,"Claremont, South Carolina",1920,0
1082,Joseph,Hopkinson,,,PA,Joseph Hopkins | Joseph Hiphias,"Bertie, North Carolina",2123,0
1083,Joseph,Hopkinson,,,PA,Joseph Hopkins | Joseph Stapkins,"Union, South Carolina",2124,0
1312,William,Speneer,,,NJ,Wm Spanner | Wm Spamer | Wm Spann,"Claremont, South Carolina",2507,0
1371,Mary,Low,,,RI,Mary Lowe,"Prince Georges, Maryland",2628,0
1372,Mary,Low,,,RI,Mary Lowe | Mary Lore | Laws,"Wilkes, North Carolina",2629,0
1472,Jn,Demount,,,RI,John Diment | John Dement,"Charles, Maryland",2854,0
1553,William,Wheater,,,RI,William Whealer | William Wheater,"New London, Connecticut",3001,0
1558,William,Littlefield,,,RI,Wm Littlefield,"Union, South Carolina",3008,0
1570,Mehitable,Davis,,,RI,John M Davis | M John Davis,"Talbot, Maryland",3029,0
1571,Mehitable,Davis,,,RI,Wm Davis | M Davisw | William Davis,"Burke, North Carolina",3030,0
1601,Francis,Ingraham,,,SC,Francis Ingram,"Washington, Maryland",3101,0
1651,Samuel,Stirk,,,SC,Samuel Stark,"Anne Arundel, Maryland",3197,0
1652,Samuel,Stirk,,,SC,Samuel Stark,"Luzerne, Pennsylvania",3198,0
1653,Samuel,Stirk,,,SC,Samuel Stark | Samuel Mack | Samuel Slack | Samuel Mack | Samuel Mack,"New London, Connecticut",3199,0
344,James,Smith,,Effingham County,GA,James Smith,"Beaufort, South Carolina",811,0
345,James,Smith,,Effingham County,GA,James Smith,"Beaufort, South Carolina",812,0
346,James,Smith,,Effingham County,GA,Jas Smith,"Beaufort, South Carolina",813,0
347,James,Smith,,Effingham County,GA,Jno Smith | Jas Smith,"Beaufort, South Carolina",814,0
367,William,Ives,,Columbia County,GA,William Ives,"Craven, North Carolina",846,0
368,William,Ives,,Columbia County,GA,William Ives,"Craven, North Carolina",847,0
369,William,Ives,,Columbia County,GA,Wm Evis| Wm Eves | Wm Eaves | William Eaves | William Sherrer Eaves | Wm Eves,"Rutherford, North Carolina",848,0
376,Thomas,Bond,,St Marys County,MD,Thomas Bond,"Anne Arundel, Maryland",864,1
377,Thomas,Bond,,St Marys County,MD,Thomas Bond,"Charles, Maryland",865,1
384,George,Yoast,,Frederick County,MD,George Yost | George Gort,"Washington, Maryland",881,0
420,Edward,Harris,,Queen Annes County,MD,Edward Harriss,"Montgomery, Maryland",926,1
421,Edward,Harris,,Queen Annes County,MD,Edward Harriss,"Prince Georges, Maryland",927,1
426,Philip,Walker,,Caroline County,MD,Philip Walker,"Bedford, Pennsylvania",932,1
428,Philip,Walker,,Caroline County,MD,Phillip Walker,"Huntingdon, Pennsylvania",934,1
439,John,Weems,,Calvert County,MD,Revd John Weems,"Charles, Maryland",959,1
440,John,Weems,,Calvert County,MD,Col. Jno Weems | Col. Jno Wums,"Anne Arundel, Maryland",960,1
445,Alexander,Hamilton,,Prince Georges County,MD,Alexander Hamilton,"Charles, Maryland",986,1
455,Margaret,Fisher,,Frederick County,MD,Margt Fisher,"Montgomery, Pennsylvania",997,1
463,Philip,Key,,St Marys County,MD,Philip Key,"Anne Arundel, Maryland",1013,1
464,Philip,Key,,St Marys County,MD,Philip Key | Philip Keyb,"Anne Arundel, Maryland",1014,1
466,Henry,Tubman,,St Marys County,MD,Henry Tubman,"Charles, Maryland",1025,1
498,Elijah,Robosson,,Allegany County,MD,Elijah Robinson,"Anne Arundel, Maryland",1099,0
499,Elijah,Robosson,,Allegany County,MD,Elijah Robinson,"Queen Annes, Maryland",1100,0
500,James,Mcgan,,Harford County,MD,James McCan,"Mifflin, Pennsylvania",1101,0
524,Edwrad,Harris,,Queen Annes County,MD,Edward Harriss,"Montgomery, Maryland",926,0
525,Edwrad,Harris,,Queen Annes County,MD,Edward Harriss,"Prince Georges, Maryland",927,0
990,David,Thomas,,Loudoun County,VA,David Thomas,"Montgomery, Maryland",1954,0
991,David,Thomas,,Loudoun County,VA,David Thomas,"Washington, Maryland",1955,0
1001,Samuel,Downey,,Franklin County,PA,Saml Downey,"Harford, Maryland",1973,0
1002,Samuel,Downey,,Franklin County,PA,Samuel Denney,"Caroline, Maryland",1974,0
1075,Jacob,Weitzell,,Lancaster County,PA,Jacob Whitzel,"Huntingdon, Pennsylvania",2105m9
1077,Jacob,Weitzell,,Lancaster County,PA,Jacob Whitsil | Jacob Whittit | Jacob Wetzel,"Lincoln, North Carolina",2107,0
1084,William,Martin,,Allegheny County,PA,William Martin,"Washington, Pennsylvania",2135,1
1085,William,Martin,,Allegheny County,PA,William Masters | William Martin,"Washington, Pennsylvania",2136,1
1134,andrew,Mcfarlane,,Westmoreland County,PA,Andw McFarlane,"Washington, Pennsylvania",2216,1
1213,Samuel,Beatt,,James City County,VA,Samuel Batey| Samuel Beaty,"Mecklenburg, North Carolina",2344,0
1217,William,Wikoff,,Monmouth County,NJ,William Wickoffe| William Wyckoff | William Wyckoff,"Northumberland, Pennsylvania",2355,0
1218,William,Wikoff,,Monmouth County,NJ,William Wycoffe| William Wyckoff,"Northumberland, Pennsylvania",2356,0
1219,William,Wikoff,,Monmouth County,NJ,Wm & Nicholas Wycoffe | Wm Wycoffe | Wm Wyckoff,"Northumberland, Pennsylvania",2357,0
1233,John,Gale,,Somerset County,MD,John (of B.) Gale | John Gale,"Kent, Maryland",1063,0
1234,John,Gale,,Somerset County,MD,"John, of S Gale | John Gale","Kent, Maryland",1064,0
1235,John,Gale,,Somerset County,MD,Joanna Gates | Joanna Giles,"Charles, Maryland",2375,0
1236,John,Gale,,Somerset County,MD,John Gull,"Washington, Maryland",2376,0
1613,Richard Bohun,Baker,,Dorchester County,SC,Richard Baker | Richard Bakir,"Gates, North Carolina",3127,0
1614,Richard Bohun,Baker,,Dorchester County,SC,Richard Baker,"Pitt, North Carolina",3128,0
1658,Robert,Smith,,Abbeville County,SC,Robert Smith,"Greenville, South Carolina",3204,0
1659,Robert,Smith,,Abbeville County,SC,Robert Smith,"Laurens, South Carolina",3205,0
55,Edmund,Wells,,,NY,Edmond Wells | Edmond Wills,"Cambridge, Albany, New York",126,1
83,Asa,Stephens,,,VT,Asa Sterns | Asa Stevens | Asa Stearns,"Weathersfield, Windsor, Vermont",177,1
170,Samuel,Gale,,,NY,Samuel A Gale,"Hillsdale, Columbia, New York",403,1
244,Jeremiah,Rogers,,,NY,Jeremiah Rodgers,"South Hampton, Suffolk, New York",593,1
245,Jeremiah,Rogers,,,NY,Jeremiah Rodgers,"South Hampton, Suffolk, New York",594,1
253,Amos,Shepard,,,NH,James Shepard,"Canterbury, Rockingham, New Hampshire",611,0
258,Thomas,Vailes,,,NY,Thomas Veal,"Beekman, Dutchess, New York",622,0
259,Thomas,Vailes,,,NY,Thomas Vail,"New York City East Ward, New York, New York",623,0
260,Thomas,Vailes,,,NY,Thos Vail,"Southold, Suffolk, New York",624,0
318,Matthew,Watson,,,RI,Mathew Watson,"Barrington, Bristol, Rhode Island",765,1
319,Matthew,Watson,,,RI,Mathew Watson Junior,"Barrington, Bristol, Rhode Island",766,1
363,Morton,Williams,,,SC,John M Williams,"St Phillips and St Michaels, Charleston, South Carolina",842,0
374,Robert Ross,Waddell,,,NY,Robert Waddle,"New Cornwall, Orange, New York",858,0
375,Robert Ross,Waddell,,,NY,Robert R Waddel,"New York City East Ward, New York, New York",859,1
477,John,Jordon,,,MD,John Jordan,"Two Delaware Hundreds, Baltimore, Maryland",1059,0
478,John,Jordon,,,MD,John Jordan,"Unknown Township, St Marys, Maryland",1060,0
563,Ann,Maccubin,,,MD,John McCubins,"Patapsco Lower Hundred, Baltimore, Maryland",1204,0
569,Bale,Randall,,,MD,Beal Randel| Beal Randall,"Patapsco Lower Hundred, Baltimore, Maryland",1210,1
609,William,Steele,,,NY,William Stiles | William Stites,"South Hempstead, Queens, New York",1278,0
610,William,Steele,,,NY,Willm Steel,"Westfield, Washington, New York",1279,1
721,William,andrews,,,CT,William Andrews,"Litchfield, Litchfield, Connecticut",1530,1
722,William,andrews,,,CT,William Andrews | William Andrew,"Watertown, Litchfield, Connecticut",1531,1
774,John,Whitman,,,PA,John Witman,"Amity, Berks, Pennsylvania",1641,1
776,John,Whitman,,,PA,Jacob Witman | John Witman,"Reading, Berks, Pennsylvania",1643,1
834,George,Haine,,,PA,George Hains,"Roxborough, Philadelphia, Pennsylvania",1743,0
841,Isaac,Craige,,,PA,Isaac Craig,"Portion Taken From Washington, Allegheny, Pennsylvania",1758,1
842,Isaac,Craige,,,PA,"William, Esq Craig | William Craig","Water Street East Side, Philadelphia, Pennsylvania",1759,0
861,Susan,Livingston,,,NY,James Livingston | James S Livingston | James S. Livingston,"Livingston, Columbia, New York",1201,0
862,Susan,Livingston,,,NY,William S Livingston,"New York City West Ward, New York, New York",1202,0
888,Jaocb,Schreiner,,,PA,Jacob (Shop Keeper) Schreiner | Jacob Schreiner,"Water Street East Side, Philadelphia, Pennsylvania",1537,1
889,Jaocb,Schreiner,,,PA,Jacob Schreiner Junior,"Water Street East Side, Philadelphia, Pennsylvania",1538,1
897,George,Budd,,,PA,George Butz,"Water Street East Side, Philadelphia, Pennsylvania",1823,0
898,George,Budd,,,PA,George Butt,"Manchester, York, Pennsylvania",1824,0
920,Jonathan,Gront,,,PA,Jonathan Grant,"Portion Taken From Washington, Allegheny, Pennsylvania",1863,1
957,John,Leamy,,,PA,John Leamey,"Water Street East Side, Philadelphia, Pennsylvania",1911,1
958,John,Leamy,,,PA,John (Mert) Leamey | John Leamey,"Water Street East Side, Philadelphia, Pennsylvania",1912,1
961,William,Sherer,,,PA,William Shearer,"New London, Chester, Pennsylvania",1917,1
983,Samuel,Rankin,,,PA,Samuel (Negroe) Rankin | Samuel Ranken,"Philadelphia City, Philadelphia, Pennsylvania",1945,1
1038,William,Mcilvaine,,,PA,Wm McElven,"Water Street East Side, Philadelphia, Pennsylvania",2032,1
1057,Catharine,Coleman,,,PA,Kitty Coleman,"Water Street East Side, Philadelphia, Pennsylvania",2082,0
1061,William,Coleman,,,PA,Willm Coleman,"Reading, Berks, Pennsylvania",2086,1
1062,William,Coleman,,,PA,Wm (Taylor) Coleman | Wm Coleman,"Water Street East Side, Philadelphia, Pennsylvania",2087,1
1069,Walter,Stewart,,,PA,Walter (Mariner) Stewart | Watter Stewart,"Water Street East Side, Philadelphia, Pennsylvania",1879,1
1070,Walter,Stewart,,,PA,Walter (Mercht; R. M. Dwelling) Stewart | Matter Stewart,"Water Street East Side, Philadelphia, Pennsylvania",1880,1
1100,Joesph,Stiles,,,PA,Joseph Steel | Joseph Stell,"Hopewell, Newton, Tyborn, and Westpensboro, Cumberland, Pennsylvania",2168,0
1102,Joseph,Stiles,,,PA,Joseph Steel | Joseph Stell,"Hopewell, Newton, Tyborn, and Westpensboro, Cumberland, Pennsylvania",2168,0
1175,Nathaniel,Irwin,,,PA,Nathanl Irwin | Nathan Irwin,"Honeybrook, Chester, Pennsylvania",2278,1
1258,William,French,,,PA,Wm French,"Portion Taken From Washington, Allegheny, Pennsylvania",2415,1
1259,William,French,,,PA,Wm French,"Portion Taken From Washington, Allegheny, Pennsylvania",2416,1
1260,William,French,,,PA,Wm French,"Hopewell, Newton, Tyborn, and Westpensboro, Cumberland, Pennsylvania",2417,1
1549,MOses,Brown,,,RI,Moses Brown,"Providence, Providence, Rhode Island",2645,1
1550,MOses,Brown,,,RI,Moses Brown,"Little Compton, Kent, Rhode Island",2989,1
1573,George,Lewis,,,NY,George Michael Lewis,"Canajoxharrie, Montgomery, New York",3032,1
56,Edmund,Wells,,,NY,Edmund Wells,"Roxbury, Suffolk, Massachusetts",127,0
57,Edmund,Wells,,,NY,Edmond Ttt Wells | Edmond Wills,"Coventry, Chester, Pennsylvania",128,0
254,Amos,Shepard,,,NH,James Shepard,"Ball Town, Lincoln, Maine",612,0
255,Amos,Shepard,,,NH,James Shepard,"Boston, Suffolk, Massachusetts",613,0
290,Phineas,Miller,,,GA,Phinehas Miller,"Hubbardston, Worcester, Massachusetts",699,0
292,Phineas,Miller,,,GA,John P Miller,"New York City Montgomery Ward, New York, New York",701,0
348,Archibald,Hervey,,,SC,Archibald Hervey,"Barnet, Orange, Vermont",822,0
366,Morton,Williams,,,SC,Reverend Revd Mr Williams | Reverend M Williams,"Weymouth, Suffolk, Massachusetts",845,0
506,Jacob,Cox,,,VA,Jacob Cox,"Patapsco Lower Hundred, Baltimore, Maryland",1111,0
558,Moses,Darling,,,MD,Moses Darling,"Hopkinton, Hillsborough, New Hampshire",1198,0
559,Moses,Darling,,,MD,Moses Darling,"Canajoxharrie, Montgomery, New York",1199,0
560,Susanna,Livingstone,,,MD,James Livingston | James S Livingston | James S. Livingston,"Livingston, Columbia, New York",1201,0
561,Susanna,Livingstone,,,MD,William S Livingston,"New York City West Ward, New York, New York",1202,0
564,Ann,Maccubin,,,MD,Jerimiah McKillen | Jenniah McPhellin | Jerimiah McKibbin,"Hopewell, Newton, Tyborn, and Westpensboro, Cumberland, Pennsylvania",1205,0
756,David,Lownes,,,PA,David Lown,"Rhinebeck, Dutchess, New York",1608,0
757,David,Lownes,,,PA,David Lown Junior| David Lown Jun (Jr),"Rhinebeck, Dutchess, New York",1609,0
767,Nathaniel G,Phillips,,,PA,Nathan Phillips | Natha H Phillips,"Brook Haven, Suffolk, New York",1631,0
783,George,Washington,,,VA,George Washing| Washington,"St Phillips and St Michaels, Charleston, South Carolina",1654,0
784,George,Washington,,,VA,George Washington,"Worthington, Hampshire, Massachusetts",1655,0
786,Ebenezar,Denny,,,PA,Ebenezer Doane | Ebenezer Deane,"Butterfield Plantation, Cumberland, Maine",1659,0
788,Ebenezer,Denny,,,PA,Ebenezer Doane | Ebenezer Deane,"Butterfield Plantation, Cumberland, Maine",1659,0
800,Lieu John,Pratt,,,PA,John Pratt,"South Hempstead, Queens, New York",1689,0
825,Hannah,Buck,,,PA,Hannah Buck,"Haverhill, Essex, Massachusetts",1734,0
826,Hannah,Buck,,,PA,Heny Works | Honre Booke,"Willington, Tolland, Connecticut",1735,0
827,Hannah,Buck,,,PA,Hannah Peck | Hannah Beck,"Woodbridge, New Haven, Connecticut",1736,0
837,Samuel,Robbins,,,PA,Samuel Robbins,"Frederickstown, Dutchess, New York",1751,0
838,Samuel,Robbins,,,PA,Samuel Robbins,"North Castle, Westchester, New York",1752,0
843,Hannah,Deane,,,PA,Hannah Dean,"Taunton, Bristol, Massachusetts",1760,0
844,Hannah,Deane,,,PA,Hannah Doane,"Barnstable, Barnstable, Massachusetts",1761,0
869,John,Backus,,,PA,John Backus | John Backner,"Balls Town, Albany, New York",1792,0
870,John,Backus,,,PA,John Backus | John Backers,"Half Moon, Albany, New York",1793,0
871,John,Backus,,,PA,John Bachus | John Backus,"Rensselaerwick, Albany, New York",1794,0
872,John,Backus,,,PA,John Bachus | John Backus,"Granville, Washington, New York",1795,0
899,Daniel,Ludlow,,,PA,Daniel Ludlow | Daniel Ludlam,"Kinderhook, Columbia, New York",1825,0
900,Daniel,Ludlow,,,PA,Daniel Ludlow,"Brooklyn, Kings, New York",1826,0
901,Daniel,Ludlow,,,PA,Daniel Ludlow,"New York City East Ward, New York, New York",1827,0
905,Peter B,Dumont,,,PA,Peter Dumont,"Canajoxharrie, Montgomery, New York",1833,0
906,Peter B,Dumont,,,PA,Petrus Du Mond | Petrus Dumond,"Kingston, Ulster, New York",1834,0
907,Peter B,Dumont,,,PA,John B Dumond | John B Damond,"Catskill, Albany, New York",1835,0
914,William,Bond,,,PA,Willm Bond,"Kinderhook, Columbia, New York",1847,0
915,William,Bond,,,PA,Willm Bond,"Queensbury, Washington, New York",1848,0
916,Sarah,Hand,,,PA,Sarah Hunt,"Hollis, Hillsborough, New Hampshire",1854,0
917,Sarah,Hand,,,PA,Sarah Hunt,"Salem, Essex, Massachusetts",1855,0
922,Jonathan,Grout,,,PA,Jonathan Grout,"Westborough, Worcester, Massachusetts",1865,0
923,Jonathan,Grout,,,PA,Jonathan Grout,"Worcester, Worcester, Massachusetts",1866,0
924,Jonathan,Grout,,,PA,Jonathan Grout,"Petersham, Worcester, Massachusetts",1867,0
959,Samuel,Strawbridge,,,PA,Samuel Trowbridge | Samuel Strowbridge,"Newtown, Fairfield, Connecticut",1915,0
960,Samuel,Strawbridge,,,PA,Saml Strobridge,"Stoughton, Suffolk, Massachusetts",1916,0
962,William,Sherer,,,PA,Willm Shearer | Willm Sheaver,"Hebron, Washington, New York",1918,0
965,Jeffrey,Clark,,,PA,Calvin Clarke | Ephria Clarke,"Fitzwilliam, Cheshire, New Hampshire",1921,0
1007,William,Applegate,,,NJ,William Applegate,"Northern Liberties, Philadelphia, Pennsylvania",1986,0
1008,William,Applegate,,,NJ,Willm Applegate,"Elizabeth, Allegheny, Pennsylvania",1987,0
1020,John,Merns,,,NJ,John Mains | John Marns | John Marin,"Argyle, Washington, New York",2003,0
1021,John,Merns,,,NJ,John Kerns | John Marns,"Hopewell, Newton, Tyborn, and Westpensboro, Cumberland, Pennsylvania",2004,0
1053,Nathaniel,Holmes,,,PA,Nathaniel Holmes Junior,"North Castle, Westchester, New York",2072,0
1054,Nathaniel,Holmes,,,PA,Nathaniel Holmes Senior,"North Castle, Westchester, New York",2073,0
1055,Nathaniel,Holmes,,,PA,Nathl Holmes | Nathe Palmer,"Livingston, Columbia, New York",2074,0
1187,John D,Alvey,,,NJ,John Alvey,"Unknown Township, St Marys, Maryland",2296,0
1188,John D,Alvey,,,NJ,John B Alvey,"Unknown Township, St Marys, Maryland",2297,0
1290,George,Idol,,,NC,George Cadle| George Eadle,"Palatine, Montgomery, New York",2475,0
1291,George,Idol,,,NC,Geo Edel,"Alsace, Berks, Pennsylvania",2476,0
1310,William,Speneer,,,NJ,Wm Spencer | Wm Spener,"Berwick, York, Maine",2505,0
1311,William,Speneer,,,NJ,Wm Spencer | Wm Spener,"Berwick, York, Maine",2506,0
1370,Mary,Low,,,RI,Marry Low,"Rochester, Strafford, New Hampshire",2627,0
1473,Jn,Demount,,,RI,Ann Dumont,"New York City North Ward, New York, New York",2855,0
1526,William,Crooke,,,RI,William Crooks,"Blandford, Hampshire, Massachusetts",2961,0
1527,William,Crooke,,,RI,Wm Starbuck | Wm Crook,"Sherburn, Nantucket, Massachusetts",2962,0
1537,Ezekiel,Carpenter,,,RI,Ezekiel Carpenter,"Woodstock, Windham, Connecticut",2979,0
1538,Ezekiel,Carpenter,,,RI,Ezekiel Carpenter,"Attleborough, Bristol, Massachusetts",2980,0
1539,Mess,Brown,,,RI,Miss Miss Brown,"Boston, Suffolk, Massachusetts",2987,0
1540,Mess,Brown,,,RI,Mos Browna,"Duxborough, Plymouth, Massachusetts",2988,0
1551,William,Larned,,,RI,William Larned| Maj. William Larned,"Dudley, Worcester, Massachusetts",2999,0
1552,William,Larned,,,RI,Willm Larned,"New Salem, Hampshire, Massachusetts",3000,0
1554,William,Wheater,,,RI,William Waters,"Hartford, Hartford, Connecticut",3002,0
1555,William,Wheater,,,RI,William Wheeler | William Wheeter,"Worthington, Hampshire, Massachusetts",3003,0
1556,William,Wheater,,,RI,Willm Waters,"Roxbury, Suffolk, Massachusetts",3004,0
1557,William,Littlefield,,,RI,Willm Littlefield | Willn Littlefield,"Wells, York, Maine",3007,0
1572,Mehitable,Davis,,,RI,John R Davis | John M Davis,"Rochester, Ulster, New York",3031,0
1585,Catharine,Alexander,,,SC,Catharine Alexander,"Salem, Washington, New York",3067,0
1586,Catharine,Alexander,,,SC,Catharine Alexander,"Water Street East Side, Philadelphia, Pennsylvania",3068,0
1600,Francis,Ingraham,,,SC,Francis Ingraham | Francis Ingram,"Water Street East Side, Philadelphia, Pennsylvania",1619,0
1602,Francis,Ingraham,,,SC,Frans Ingraham,"Boston, Suffolk, Massachusetts",3102,0
1654,Samuel,Stirk,,,SC,Saml Stark | Saml Stack,"Derryfield, Hillsborough, New Hampshire",3200,0
422,Edward,Kain,,Harford County,MD,Edward Kean,"Chanceford, York, Pennsylvania",928,0
423,Edward,Kain,,Harford County,MD,Edward Kean,"Fawn, York, Pennsylvania",929,0
424,Edward,Kain,,Harford County,MD,Edward Kean,"Fawn, York, Pennsylvania",930,0
425,Edward,Kain,,Harford County,MD,Edward Kean | Edward Bean,"Fawn, York, Pennsylvania",931,0
427,Philip,Walker,,Caroline County,MD,Philip Walter | Philip Walker,"Upper Milford, Northampton, Pennsylvania",933,0
437,William,Sinclair,,Calvert County,MD,William Sinklar Senior| William Sinklair/Sinclair/ St. Clair,"Misc Run Hundred, Baltimore, Maryland",951,0
438,William,Sinclair,,Calvert County,MD,William Sinklar Junior,"Misc Run Hundred, Baltimore, Maryland",952,0
456,Margaret,Fisher,,Frederick County,MD,"Thos, Saml, & M. (Mert) Fisher | Thos Smal Fish","Water Street East Side, Philadelphia, Pennsylvania",998,0
457,Margaret,Fisher,,Frederick County,MD,M Fisher,"Water Street East Side, Philadelphia, Pennsylvania",999,0
485,Richard,Bryant,,Prince Georges County,MD,Richard Bryant,"Waterford Plantation, Cumberland, Maine",1076,0
486,Richard,Bryant,,Prince Georges County,MD,Richard Bryant | Richard Brown,"Waterford, York, Maine",1077,0
487,Richard,Bryant,,Prince Georges County,MD,Richard Bryant | Richards Bryant,"Merideth, Strafford, New Hampshire",1078,0
501,James,Mcgan,,Harford County,MD,James McCain | James McCarn | McCan | James McCann | James McCaw | James McCaw,"South Huntington, Westmoreland, Pennsylvania",1102,0
509,William,Patterson,,Anne Arundel County,MD,William Patterson,"Baltimore Town, Baltimore, Maryland",1114,0
510,William,Patterson,,Anne Arundel County,MD,William Patterson,"Two Delaware Hundreds, Baltimore, Maryland",1115,0
526,John,Snowden,,Prince Georges County,MD,John (Labourer) Snowden,"Water Street East Side, Philadelphia, Pennsylvania",1134,0,0
527,John,Snowden,,Prince Georges County,MD,John Snowden,"Water Street East Side, Philadelphia, Pennsylvania",1135
528,John,Snowden,,Prince Georges County,MD,Jedediah (Joiner) Snowden | Jedediah Snowden,"Water Street East Side, Philadelphia, Pennsylvania",1136,0
597,John,Campbell,,New Castle County,DE,John Campbell,"Chester, Delaware, Pennsylvania",1263,0
598,John,Campbell,,New Castle County,DE,John Campbell,"Back Creek, Cecil, Maryland",1264,0
599,John,Campbell,,New Castle County,DE,John Campbell,"South Millford, Cecil, Maryland",1265,0
600,John,Campbell,,New Castle County,DE,John Campbell,"West Caln, Chester, Pennsylvania",1266,0
946,Geoerge,White,,New Castle County,DE,George White,"Radnor, Delaware, Pennsylvania",1897,0
947,Geoerge,White,,New Castle County,DE,George White,"New Garden, Chester, Pennsylvania",1898,0
948,George,White,,New Castle County,DE,George White,"Radnor, Delaware, Pennsylvania",1897,0
949,George,White,,New Castle County,DE,George White,"New Garden, Chester, Pennsylvania",1898,0
1076,Jacob,Weitzell,,Lancaster County,PA,Jacob Wetzell,"Montgomery, Ulster, New York",2106,0
1133,andrew,Mcfarlane,,Westmoreland County,PA,| Andrew McFarlin | Andrew McFarlin,"Portion Taken From Washington, Allegheny, Pennsylvania",2215,1
1167,Jacob,Kenner,,Northampton County,PA,Jacob Krener | Jacob Keener,"Northern Liberties, Philadelphia, Pennsylvania",2270,0
1168,Jacob,Kenner,,Northampton County,PA,Jacob (Wheelright) Kinner | Jacob Kinner | Jacob (Wheelright) Kinnard,"Philadelphia City, Philadelphia, Pennsylvania",2271,0
1212,Samuel,Beatt,,James City County,VA,Samuel Beaty,"North Susquehannah, Cecil, Maryland",2343,0
1296,Abraham,Mosser,,York County,PA,Abraham Messer | Abraham Massen,"Earl, Lancaster, Pennsylvania",2486,0
1297,Jacob,Keiser,,York County,PA,Jacob Kyser | Jacob Kyver,"Hopewell, Newton, Tyborn, and Westpensboro, Cumberland, Pennsylvania",2495,9
1298,Jacob,Keiser,,York County,PA,Jacob Kysor | Jacob Kyver,"Hopewell, Newton, Tyborn, and Westpensboro, Cumberland, Pennsylvania",2496,0
1299,Jacob,Keiser,,York County,PA,Jacob Cossouer| Jacob Coursey | Jacob Kiser,"Patapsco Lower Hundred, Baltimore, Maryland",2497,0
64,Josiah,Allyn,Windsor,Hartford County,CT,Josiah Allyn | Joseph Allan,"Litchfield, Litchfield, Connecticut",136,1
110,Benjamin,Webster,Hartford,Hartford County,CT,Benjamin Webster,"Litchfield, Litchfield, Connecticut",259,1
111,Benjamin,Webster,Hartford,Hartford County,CT,Benjamin Webster,"Middletown, Middlesex, Connecticut",260,1
139,Solomon,Williams,Hampton,Windham County,CT,Solomon Williams,"New London, Connecticut",302,1
140,Solomon,Williams,Hampton,Windham County,CT,Solomon Williams,"New London, Connecticut",303,1
143,Elijah,Boardman,New Milford,Litchfield County,CT,Elijah Boardman,"Wethersfield, Hartford, Connecticut",323,1
160,David,Davis,Mansfield Center,Tolland County,CT,David Davis,"Plainfield, Windham, Connecticut",382,1
161,David,Davis,Mansfield Center,Tolland County,CT,David Davis | David Dagis,"Paxton, Worcester, Massachusetts",383,1
162,James,Rogers,Charlestown,Sullivan County,NH,James Rogers | John Reed,"Acworth, Cheshire, New Hampshire",387,1
163,James,Rogers,Charlestown,Sullivan County,NH,James Rogers,"Lempster, Cheshire, New Hampshire",388,1
164,James,Rogers,Charlestown,Sullivan County,NH,James Rogers,"Lempster, Cheshire, New Hampshire",389,1
165,James,Rogers,Charlestown,Sullivan County,NH,James Rogers,"Bartlett, Grafton, New Hampshire",390,1
171,Jeremiah,Willcox,Hartford,Hartford County,CT,Jeremiah Willcox,"Middletown, Middlesex, Connecticut",404,1
176,John,Salter,Mansfield Center,Tolland County,CT,John Salter,"Mansfield, Windham, Connecticut",413,1
177,John,Salter,Mansfield Center,Tolland County,CT,John Salter,"Charlton, Worcester, Massachusetts",414,1
180,Simeon,Baldwin,Farmington,Hartford County,CT,Simion Baldwin | Simeon Baldwin | Simeon Baldwin,"New Haven, New Haven, Connecticut",428,1
181,Simeon,Baldwin,Farmington,Hartford County,CT,Simeon Baldwin | Simion Baldwin,"New Milford, Litchfield, Connecticut",432,1
202,Joel,Blakeley,North Haven,New Haven County,CT,Joel Blakeley | Joel Blakely,"Watertown, Litchfield, Connecticut",480,1
265,Jacob,Hovey,Mansfield Center,Tolland County,CT,Jacob Hovey,"Mansfield, Windham, Connecticut",642,1
266,Jacob,Hovey,Mansfield Center,Tolland County,CT,Jacob Hovey,"Windham, Windham, Connecticut",643,1
269,John,Rathbun,Stonington,New London County,CT,| John Kathbun | John Rathbun,"Exeter, Washington, Rhode Island",650,0
270,John,Rathbun,Stonington,New London County,CT,John Rathbun Junior | John Kathbun Junior,"Exeter, Washington, Rhode Island",651,0
271,John,Rathbun,Stonington,New London County,CT,John Rathbun,"North Kingston, Washington, Rhode Island",652,0
306,Jonathan,Woodward,Granby,Hampshire County,MA,Jonathan Woodward,"Spencer, Worcester, Massachusetts",739,1
308,Jonathan,Russell,Thompson,Windham County,CT,Jonathan Russell,"Branford, New Haven, Connecticut",742,1
309,Jonathan,Russell,Thompson,Windham County,CT,Jonathan Russell,"Wethersfield, Hartford, Connecticut",743,1
324,Simon,Willard,Roxbury,Litchfield County,CT,Simon Willard,"Wethersfield, Hartford, Connecticut",769,1
325,Simon,Willard,Roxbury,Litchfield County,CT,Simon Willard,"Egremont, Berkshire, Massachusetts",770,1
359,John,Casper,Portsmouth,Norfolk County,VA,John Casper,"Rowan, North Carolina",836,0
360,John,Casper,Portsmouth,Norfolk County,VA,John Cooper | John Casper,"Pitts Town, Albany, New York",837,0
361,John,Casper,Portsmouth,Norfolk County,VA,John Cooper | John Casper,"Salem, Washington, New York",838,0
362,John,Casper,Portsmouth,Norfolk County,VA,John Cooper | John Casper,"Mifflin, Pennsylvania",839,0
404,Robert,Peter,Georgetown,Cecil County,MD,Robert Peter,"Montgomery, Maryland",900,1
405,Robert,Peter,Georgetown,Cecil County,MD,Robert Peters,"Prince Georges, Maryland",901,1
407,Robert,Peters,Georgetown,Cecil County,MD,Robert Peters,"Prince Georges, Maryland",901,1
413,William,Deakins,Georgetown,Cecil County,MD,William Leakins | William Deakins,"Frederick, Maryland",915,1
414,William,Deakins,Georgetown,Cecil County,MD,William Deakins,"Montgomery, Maryland",916,1
415,William,Deakins,Georgetown,Cecil County,MD,William Deakins | William Denkins,"Prince Georges, Maryland",917,1
443,John,Steward,Bladensburg,Prince Georges County,MD,John Steward| John Stewart,"Washington, Maryland",983,1
444,John,Steward,Bladensburg,Prince Georges County,MD,Captain Capt John Stewart | Captain John Steward,"Anne Arundel, Maryland",984,1
458,John,Laird,Georgetown,Cecil County,MD,John Laird,"Chanceford, York, Pennsylvania",1007,0
459,John,Laird,Georgetown,Cecil County,MD,John Laird,"Fawn, York, Pennsylvania",1008,0
468,William,Campbell,Annapolis,Anne Arundel County,MD,William Campbell,"West Sassafras Hundred, Cecil, Maryland",1028,1
594,Robert,Means,Richmond,Chesterfield County,VA,Robert Uans | Robert Mans | Robert Means,"Mecklenburg, North Carolina",1256,0
595,Robert,Means,Richmond,Chesterfield County,VA,Robert Means,"Rockingham, North Carolina",1257,0
619,John,Casey,Hillsborough,Orange County,NC,John Casey,"Carteret, North Carolina",1300,1
620,John,Casey,Hillsborough,Orange County,NC,John Casey,"Pasquotank, North Carolina",1301,1
632,Jacob,Brown,Newbury,Hillsborough County,NH,Jacob Brown,"Northampton, Rockingham, New Hampshire",1350,1
633,Jacob,Brown,Newbury,Hillsborough County,NH,Jacob Brown,"New Hampton, Strafford, New Hampshire",1351,1
634,Jacob,Brown,Newbury,Hillsborough County,NH,Jacob Brown,"Ossipee, Strafford, New Hampshire",1352,1
635,Jacob,Brown,Newbury,Hillsborough County,NH,David Brown | Jacob Brown,"Westmoreland, Cheshire, New Hampshire",1353,1
680,George,Dodge,Salem,Rockingham County,NH,George Dodge,"Tamworth, Strafford, New Hampshire",1449,1
682,George,Dodge,Salem,Rockingham County,NH,George Dodge,"Ipswich, Essex, Massachusetts",1451,0
683,James,Duncan,Haverhill,Essex County,MA,James Duncan,"Antrim, Hillsborough, New Hampshire",1454,0
684,James,Duncan,Haverhill,Essex County,MA,James Duncan | James Damson,"Hancock, Hillsborough, New Hampshire",1455,0
727,Robert,Buchanan,Philadelphia,Philadelphia County,PA,Robert Buchanan,"Mifflin, Pennsylvania",1540,1
744,John,Jones,Montgomery,Lycoming County,PA,John Jones,"Northumberland, Pennsylvania",1584,1
745,John,Jones,Montgomery,Lycoming County,PA,John Jones,"Northumberland, Pennsylvania",1585,1
746,John,Jones,Montgomery,Lycoming County,PA,John Jones,"Northumberland, Pennsylvania",1586,1
816,John,Harner,Philadelphia,Philadelphia County,PA,John Harner,"Manor of Moreland, Montgomery, Pennsylvania",1711,1
873,John,Travis,Philadelphia,Philadelphia County,PA,John Travis,"Willistown, Chester, Pennsylvania",1801,1
874,John,Travis,Philadelphia,Philadelphia County,PA,John Travis,"Tyrone, Fayette, Pennsylvania",1802,1
875,John,Travis,Philadelphia,Philadelphia County,PA,John Travis,"Cosikton District, Northampton, Pennsylvania",1803,1
953,Samuel,Blair,New Germantown,Perry County,PA,Samuel Blair,"Northumberland, Pennsylvania",1906,1
954,Samuel,Blair,New Germantown,Perry County,PA,Samuel Blair,"Northumberland, Pennsylvania",1907,1
976,James,Riddle,York Township,York County,PA,James Riddles,"Mifflin, Pennsylvania",1935,1
1120,Samuel,Rogers,Philadelphia,Philadelphia County,PA,Samuel Rogers,"Washington, Pennsylvania",2188,1
1137,Robert,Patton,Dauphin,Dauphin County,PA,"Robert, Esqr (Post Master) Patton | Robert Patton","Water Street East Side, Philadelphia, Pennsylvania",1896,1
1138,Robert,Patton,Dauphin,Dauphin County,PA,Robert Patton,"Uwchland, Chester, Pennsylvania",2221,1
1139,Robert,Patton,Dauphin,Dauphin County,PA,Robert Patton,"Huntingdon, Pennsylvania",2222,1
1157,Peter,Browne,New Kensington,Westmoreland County,PA,Peter Browne,"Northern Liberties, Philadelphia, Pennsylvania",2261,1
1165,Joseph,Boggs,Philadelphia,Philadelphia County,PA,Joseph Boggs,"Tredifferin, Chester, Pennsylvania",1532,1
1177,James,Syle,Philadelphia,Philadelphia County,PA,James Pyle | James Syle,"Birmingham, Chester, Pennsylvania",2281,1
1245,Samuel,Fulton,Philadelphia,Philadelphia County,PA,Samuel Fulton,"Washington, Fayette, Pennsylvania",2391,1
1317,Gideon,Freeborn,East Greenwich,Kent County,RI,Gideon Freeborn | Gedeon Freeborn,"Exeter, Washington, Rhode Island",2515,1
1318,Gideon,Freeborn,East Greenwich,Kent County,RI,Gideon Freeborne | Gideon Freeborn,"Exeter, Washington, Rhode Island",2516,1
1327,Ebenezer,Waters,Littleton,Middlesex County,MA,Ebenezer Waters,"Sutton, Worcester, Massachusetts",2534,1
1328,Ebenezer,Waters,Littleton,Middlesex County,MA,Ebenezer Waters | Ebenzer Waters,"Sutton, Worcester, Massachusetts",2535,1
1329,Ebenezer,Waters,Littleton,Middlesex County,MA,Ebenezer Waters,"Boston, Suffolk, Massachusetts",2536,1
1334,Joel,Chapin,Ludlow,Hampden County,MA,Lieutenant Lieut Joel Chapin | Lieutenant Joel Chapin,"Bernardston, Hampshire, Massachusetts",2544,1
1358,Daniel,Martin,Johnston,Providence County,RI,Daniel Martin,"Rehoboth, Bristol, Massachusetts",2606,1
1359,Daniel,Martin,Johnston,Providence County,RI,Daniel Martin,"Swanzey, Bristol, Massachusetts",2607,1
1421,James,Holmes,Kingston,Washington County,RI,James Holmes,"New London, Connecticut",2738,1
1465,Benjamin,Richmond,Little Compton,Newport County,RI,Benjamin Richmond,"Taunton, Bristol, Massachusetts",2828,1
1467,Joseph,Gifford,Little Compton,Newport County,RI,Joseph Gifford,"Dartmouth, Bristol, Massachusetts",2830,1
1468,Joseph,Gifford,Little Compton,Newport County,RI,Joseph Gifford,"Westport, Bristol, Massachusetts",2831,1
1492,William,Wall,Providence,Providence County,RI,William Wall,"Plainfield, Windham, Connecticut",2896,1
1494,William,Wall,Providence,Providence County,RI,William Wilbar | William Walla,"Plainfield, Windham, Connecticut",2898,1
1503,John,Peck,Boston,Suffolk County,MA,John Peck,"Lexington, Middlesex, Massachusetts",2921,1
1504,John,Peck,Boston,Suffolk County,MA,John Peck,"Lexington, Middlesex, Massachusetts",2922,1
1516,Nathan,Fisk,North Scituate,Providence County,RI,Nathan Fisk | Mathan Fisk,"Coventry, Kent, Rhode Island",2942,1
1517,Nathan,Fisk,North Scituate,Providence County,RI,Nathan Fisk Junior | Nathan Fish Junior,"Coventry, Kent, Rhode Island",2943,1
1518,Nathan,Fisk,North Scituate,Providence County,RI,Nathan Fisk,"Brookfield, Worcester, Massachusetts",2944,1
1534,Mary,Allen,Providence,Providence County,RI,Mary Allen | Mary Allies,"Upton, Worcester, Massachusetts",2975,1
1535,Mary,Allen,Providence,Providence County,RI,Mary Allen,"Westport, Bristol, Massachusetts",2976,1
1605,John,Ward,Charleston,Charleston County,SC,John Ward,"Fairfield, South Carolina",3108,1
1606,John,Ward,Charleston,Charleston County,SC,John Dard | John Cord | John Ward,"Laurens, South Carolina",3109,1
1607,John,Ward,Charleston,Charleston County,SC,John Ward,"Pendleton, South Carolina",3110,1
1684,William,Cole,Charleston,Charleston County,SC,William Cole | Willam Cole,"St Thomas, Cheraws District, South Carolina",1231,1
1685,William,Cole,Charleston,Charleston County,SC,William Cole,"Laurens, South Carolina",1232,1
1686,William,Cole,Charleston,Charleston County,SC,William Cole,"Newberry, South Carolina",1233,1
65,Josiah,Allyn,Windsor,Hartford County,CT,Jos Allen | Jas Allen,"Ellington, Tolland, Connecticut",137,0
66,Josiah,Allyn,Windsor,Hartford County,CT,Josu Alden | Josa Alden,"Stafford, Tolland, Connecticut",138,0
67,Josiah,Allyn,Windsor,Hartford County,CT,Joshua Allen,"Tyringham, Berkshire, Massachusetts",139,0
98,Joseph,Bulkley,Wethersfield,Hartford County,CT,Joseph Blakley | Joseph Blakeledge,"Guilford, New Haven, Connecticut",226,0
99,Joseph,Bulkley,Wethersfield,Hartford County,CT,"Joseph, 2 Blakley II | Joseph Blakley II","Wallingford, New Haven, Connecticut",227,0
144,Elijah,Boardman,New Milford,Litchfield County,CT,Elihu Boardman,"Wethersfield, Hartford, Connecticut",324,0
172,Jeremiah,Willcox,Hartford,Hartford County,CT,Jeremiah Wilcox | Jeremia Wilson,"Litchfield, Litchfield, Connecticut",405,1
173,Jeremiah,Willcox,Hartford,Hartford County,CT,Jeremi Wilcox | Jerome Wilcox | Jeremiah Wilcox | Wilcox,"New London, Connecticut",406,0
197,Hezekiah,Sanford,Redding,Fairfield County,CT,"Ezekiel, 2d Sanford II | Ezekiah Sanford II","Watertown, Litchfield, Connecticut",462,1
203,Joel,Blakeley,North Haven,New Haven County,CT,Eli Blakeley,"Watertown, Litchfield, Connecticut",481,0
268,Benjamin,Gallup,Voluntown,New London County,CT,Benjn Gallop,"Plainfield, Windham, Connecticut",649,0
272,John,Rathbun,Stonington,New London County,CT,John Rathbon,"Ashford, Windham, Connecticut",653,0
285,Nathaniel,Buell,Salisbury,Hillsborough County,NH,Nathaniel Ball,"Cockermouth, Grafton, New Hampshire",686,0
286,Asa,Platt,Milford,New Haven County,CT,Jesse Platt,"Weston, Fairfield, Connecticut",692,0
287,Asa,Platt,Milford,New Haven County,CT,Jesse Platt,"Newtown, Fairfield, Connecticut",693,0
307,Jonathan,Woodward,Granby,Hampshire County,MA,Jonathan Woodard,"Pittsfield, Berkshire, Massachusetts",740,0
312,Thoamas,Llyod,Hartford,Hartford County,CT,Thomas Leet,"Guilford, New Haven, Connecticut",574,0
313,Thoamas,Llyod,Hartford,Hartford County,CT,Thomas Leeds | Thomas Ludd,"New London, Connecticut",759,0
322,Simeon,Willard,Roxbury,Litchfield County,CT,Simon Willard,"Wethersfield, Hartford, Connecticut",769,0
323,Simeon,Willard,Roxbury,Litchfield County,CT,Simon Willard,"Egremont, Berkshire, Massachusetts",770,0
352,John,Robertson,Savannah,Chatham County,GA,Jno Robertson,"Beaufort, South Carolina",827,0
353,John,Robertson,Savannah,Chatham County,GA,Jno Robertson | Jas Robertson | James Robertson,"Beaufort, South Carolina",828,0
354,John Splatt,Cripps,Charleston,Charleston County,SC,John Cribb,"Prince Fredericks, Georgetown, South Carolina",829,0
355,John Splatt,Cripps,Charleston,Charleston County,SC,John Cribb,"Prince Georges, Georgetown, South Carolina",830,0
356,John Splatt,Cripps,Charleston,Charleston County,SC,John Cribb,"Prince Georges, Georgetown, South Carolina",831,0
379,Ariana,Walter,Baltimore,Baltimore County,MD,Aaron Wilder,"Guilford, Windham, Vermont",871,0
380,Ariana,Walter,Baltimore,Baltimore County,MD,Aaron Wilder,"Townsend, Windham, Vermont",872,0
406,Robert,Peters,Georgetown,Cecil County,MD,Robert Peter,"Montgomery, Maryland",900,0
460,John,Laird,Georgetown,Cecil County,MD,John Lare | John Sare | John Sare,"Manor Township, Lancaster, Pennsylvania",1009,0
469,William,Campbell,Annapolis,Anne Arundel County,MD,Wm Campbell,"Worcester, Maryland",1029,0
470,William,Campbell,Annapolis,Anne Arundel County,MD,Wm Campbell,"Worcester, Maryland",1030,0
493,Samuel,Sterett,Baltimore,Baltimore County,MD,"Samuel, 2nd Street II | Samuel Street II","Wallingford, New Haven, Connecticut",1086,0
494,Samuel,Sterett,Baltimore,Baltimore County,MD,Samuel Street,"Wallingford, New Haven, Connecticut",1087,0
540,John H,Stone,Annapolis,Anne Arundel County,MD,John Stone,"Prince Georges, Maryland",1171,0
541,John H,Stone,Annapolis,Anne Arundel County,MD,John Stone,"Prince Georges, Maryland",1172,0
556,William,Cooke,Annapolis,Anne Arundel County,MD,William Crook | William Johl | William Cook,"Prince Georges, Maryland",1195,0
557,William,Cooke,Annapolis,Anne Arundel County,MD,Wm Cook,"Patapsco Lower Hundred, Baltimore, Maryland",1196,0
596,Robert,Means,Richmond,Chesterfield County,VA,Robert Mayne | Robert Mayner,"Hertford, North Carolina",1258,0
611,Joseph,Lindley,Richmond,Chesterfield County,VA,Joseph Linley,"Litchfield, Litchfield, Connecticut",1282,0
612,Joseph,Lindley,Richmond,Chesterfield County,VA,Joseph Tyler | Joseph Linly,"Branford, New Haven, Connecticut",1283,0
613,William,Hartshorne,Richmond,Chesterfield County,VA,William Hartshorn,"Amherst, Hillsborough, New Hampshire",1284,0
614,William,Hartshorne,Richmond,Chesterfield County,VA,Willm Hartshorn | Willm Hartshorne,"Stephen Town, Albany, New York",1285,0
621,John,Casey,Hillsborough,Orange County,NC,Jno Case | Jno Care | John Case | John Case,"Rutherford, North Carolina",1302,0
622,John,Casey,Hillsborough,Orange County,NC,Tho' Case | Jno Cara | Thomas Case,"Rutherford, North Carolina",1303,0
638,Joshua,Fisher,Beverly,Essex County,MA,Josiah Fisher,"Dedham, Suffolk, Massachusetts",1366,0
639,Joshua,Fisher,Beverly,Essex County,MA,Josh Fisher,"Franklin, Suffolk, Massachusetts",1367,0
656,Joshua,Thompson,Concord,Grafton County,NH,Josiah Thompson,"Medford, Middlesex, Massachusetts",1398,0
657,Joshua,Thompson,Concord,Grafton County,NH,Ich Thompson | Jeh Thompson,"Wrentham, Suffolk, Massachusetts",1399,0
666,Samuel,Blodgett,Boston,Suffolk County,MA,Dr Saml Blodgett | Saml Blodgett,"Cambridge, Middlesex, Massachusetts",1413,0
667,Samuel,Blodgett,Boston,Suffolk County,MA,Saml Blodget,"Haverhill, Essex, Massachusetts",1414,0
676,Anna,Sims,Portsmouth,Rockingham County,NH,John Symmes,"Lynn, Essex, Massachusetts",1438,0
677,Anna,Sims,Portsmouth,Rockingham County,NH,John Simms,"Medford, Middlesex, Massachusetts",1439,0
703,John,Kisel,New Germantown,Perry County,PA,John Casiell,"Montgomery, Pennsylvania",1505,0
704,John,Kisel,New Germantown,Perry County,PA,John Kissil | John Kissel | John KISSEL | John Fissel,"Earl, Lancaster, Pennsylvania",1506,0
705,John,Kisel,New Germantown,Perry County,PA,John Kessle | John Shessle | John Kissel,"Warwick, Lancaster, Pennsylvania",1507,0
723,Thomas,Dungan,New Germantown,Perry County,PA,Thomas Duncan,"Hopewell, Newton, Tyborn, and Westpensboro, Cumberland, Pennsylvania",1533,0
724,Thomas,Dungan,New Germantown,Perry County,PA,Thomas Duncan | Thomas Dunlan,"Dauphin, Pennsylvania",1534,0
728,Robert,Buchanan,Philadelphia,Philadelphia County,PA,Robert Buckhanen | Robert Buckhanon,"Pitt, Allegheny, Pennsylvania",1541,0
729,Robert,Buchanan,Philadelphia,Philadelphia County,PA,Robt Buchanon | Robt Buchaman,"Hopewell, Newton, Tyborn, and Westpensboro, Cumberland, Pennsylvania",1542,0
730,Robert,Buchanan,Philadelphia,Philadelphia County,PA,Robt Buchannon | Robt Buchannan,"Mixed Township, York, Pennsylvania",1543,0
781,George Von,Hud,Tulpehocken,Berks County,PA,| George Herts | George Hiels | George Huts,"Chestnut Hill, Northampton, Pennsylvania",1651,0
782,George Von,Hud,Tulpehocken,Berks County,PA,George Hood,"Northumberland, Pennsylvania",1652,0
817,John,Harner,Philadelphia,Philadelphia County,PA,John Horner,"Bucks, Pennsylvania",1712,0
878,Agnes Ann,Davidson,Philadelphia,Philadelphia County,PA,John Davidson,"Hopewell, Newton, Tyborn, and Westpensboro, Cumberland, Pennsylvania",1807,0
879,Agnes Ann,Davidson,Philadelphia,Philadelphia County,PA,John Davidson,"Luzerne, Pennsylvania",1808,0
977,James,Riddle,York Township,York County,PA,"Jas, Esqr Riddle | Jas Biddle | Jas, Esqr Biddle","Franklin, Pennsylvania",1936,0
978,Jennet,Grier,York Township,York County,PA,D A Gregor | J A Greyer,"St Johns, Charleston, South Carolina",1937,0
979,Jennet,Grier,York Township,York County,PA,J A Greyer,"St Johns, Charleston, South Carolina",1938,0
986,Margaret,Robinson,Philadelphia,Philadelphia County,PA,Margaret Robison,"Mixed Township, York, Pennsylvania",1950,0
987,Margaret,Robinson,Philadelphia,Philadelphia County,PA,Margret Robinson| Martha Robinson,"Unity, Westmoreland, Pennsylvania",1951,0
1005,Hugh,Alexander,Pittsburgh,Allegheny County,PA,Adam (Ho. Carpr) Alexander | Adam Alexander,"Philadelphia City, Philadelphia, Pennsylvania",1984,0
1006,Hugh,Alexander,Pittsburgh,Allegheny County,PA,Hughey Alixander,"Bedford, Pennsylvania",1985,0
1009,Abarham,Pyott,Pittsburgh,Allegheny County,PA,Abraham Pratt | Abraham Piatt,"Goshen, Chester, Pennsylvania",1989,0
1010,Abarham,Pyott,Pittsburgh,Allegheny County,PA,"Abraham, Esqr Piatt Esquire | Abraham Ratt Esquire","Northumberland, Pennsylvania",1990,0
1011,Abraham,Pyott,Pittsburgh,Allegheny County,PA,Abraham Pratt | Abraham Piatt,"Goshen, Chester, Pennsylvania",1989,0
1012,Abraham,Pyott,Pittsburgh,Allegheny County,PA,"Abraham, Esqr Piatt Esquire | Abraham Ratt Esquire","Northumberland, Pennsylvania",1990,0
1035,William,Turnbull,Philadelphia,Philadelphia County,PA,Willm Turnbull,"Pittsburgh, Allegheny, Pennsylvania",2029,0
1036,William,Turnbull,Philadelphia,Philadelphia County,PA,Willm Turnbull | Willm Tumbull,"South Huntington, Westmoreland, Pennsylvania",2030,0
1047,George,Weldon,Fredericksburg,Spotsylvania County,VA,George Wilton,"New Milford, Litchfield, Connecticut",2062,0
1048,George,Weldon,Fredericksburg,Spotsylvania County,VA,George Walton | George Watton,"Hanover, Grafton, New Hampshire",2063,0
1049,George,Weldon,Fredericksburg,Spotsylvania County,VA,George Walden,"Portsmouth, Rockingham, New Hampshire",2064,0
1050,George,Weldon,Fredericksburg,Spotsylvania County,VA,George Walton,"Dorsett, Bennington, Vermont",2065,0
1108,Joseph,Stiles,Philadelphia,Philadelphia County,PA,Joseph Steel | Joseph Stell,"Hopewell, Newton, Tyborn, and Westpensboro, Cumberland, Pennsylvania",2168,0
1109,Joseph,Stiles,Philadelphia,Philadelphia County,PA,Joseph Styles | Joseph Hyles,"Northumberland, Pennsylvania",2169,0
1121,Samuel,Rogers,Philadelphia,Philadelphia County,PA,Samuel Rodgers,"Northumberland, Pennsylvania",2189,0
1122,Samuel,Rogers,Philadelphia,Philadelphia County,PA,Saml Royer | Saml Roger | Saml Roger,"Franklin, Pennsylvania",2190,0
1123,Samuel,Rogers,Philadelphia,Philadelphia County,PA,Saml Rodger,"Fawn, York, Pennsylvania",2191,0
1158,Peter,Browne,New Kensington,Westmoreland County,PA,Peter Brown,"Tulpehocken, Berks, Pennsylvania",2262,0
1159,Peter,Browne,New Kensington,Westmoreland County,PA,Peter Brown,"Tulpehocken, Berks, Pennsylvania",2263,0
1160,Peter,Browne,New Kensington,Westmoreland County,PA,Peter Brown,"Earl, Lancaster, Pennsylvania",2264,0
1166,Joseph,Boggs,Philadelphia,Philadelphia County,PA,Joseph Beggs,"Bedford, Pennsylvania",2269,0
1169,Joseph,Bogs,Philadelphia,Philadelphia County,PA,Joseph Boggs,"Tredifferin, Chester, Pennsylvania",1532,0
1170,Joseph,Bogs,Philadelphia,Philadelphia County,PA,Joseph Beggs,"Bedford, Pennsylvania",2269,0
1178,James,Syle,Philadelphia,Philadelphia County,PA,James Seal,"Washington, Pennsylvania",2282,0
1179,James,Syle,Philadelphia,Philadelphia County,PA,James Seals | Samuel Seals,"Washington, Pennsylvania",2283,0
1180,James,Syle,Philadelphia,Philadelphia County,PA,James Sell,"Mixed Township, York, Pennsylvania",2284,0
1207,William,Mccurdy,Sunbury,Northumberland County,PA,Willm McCarty | Willm McCorty | William McCarty,"Chester, Delaware, Pennsylvania",2333,0
1208,William,Mccurdy,Sunbury,Northumberland County,PA,William McCarty,"Upper Smithfield, Northampton, Pennsylvania",2334,0
1209,William,Mccurdy,Sunbury,Northumberland County,PA,Wm Cord | Wm McCord | Wm Mc Cord,"Derry, Westmoreland, Pennsylvania",2335,0
1246,Samuel,Fulton,Philadelphia,Philadelphia County,PA,Saml Fullton,"Chanceford, York, Pennsylvania",2392,0
1335,Joel,Chapin,Ludlow,Hampden County,MA,Eli Chapin | Eli Chadwick,"Worcester, Worcester, Massachusetts",2545,0
1336,Joel,Chapin,Ludlow,Hampden County,MA,Eli Chapin,"Sheffield, Berkshire, Massachusetts",2546,0
1339,andew,Brown,Newport,Newport County,RI,Andrew Brown,"Richmond, Washington, Rhode Island",2549,0
1340,andew,Brown,Newport,Newport County,RI,Andrew Brown,"Richmond, Washington, Rhode Island",2550,0
1341,andrew,Brown,Newport,Newport County,RI,Andrew Brown,"Richmond, Washington, Rhode Island",2549,0
1342,andrew,Brown,Newport,Newport County,RI,Andrew Brown,"Richmond, Washington, Rhode Island",2550,0
1381,Job,Randall,Warwick,Kent County,RI,Job Randal,"Scituate, Providence, Rhode Island",2643,0
1382,Job,Randall,Warwick,Kent County,RI,Jobe Randal,"Brooklyne, Windham, Connecticut",2644,0
1422,James,Holmes,Kingston,Washington County,RI,James Homes,"New London, Connecticut",2739,0
1433,Thomas,Browne,Falmouth,Barnstable County,MA,Thomas Brown,"Middleborough, Plymouth, Massachusetts",2765,0
1434,Thomas,Browne,Falmouth,Barnstable County,MA,Thomas Brown Junior,"Middleborough, Plymouth, Massachusetts",2766,0
1441,David L,Barnes,Providence,Providence County,RI,David Barnes,"Spencer, Worcester, Massachusetts",2776,0
1442,David L,Barnes,Providence,Providence County,RI,David Leonard Barnes | David Leonard Barnes,"Taunton, Bristol, Massachusetts",2777,1
1443,Jane,Macom,Boston,Suffolk County,MA,John Meacham,"Watertown, Middlesex, Massachusetts",2779,0
1444,Jane,Macom,Boston,Suffolk County,MA,John Mycom,"Newburyport, Essex, Massachusetts",2780,0
1445,Jane,Mecom,Boston,Suffolk County,MA,John Meacham,"Watertown, Middlesex, Massachusetts",2779,0
1446,Jane,Mecom,Boston,Suffolk County,MA,John Mycom,"Newburyport, Essex, Massachusetts",2780,0
1493,William,Wall,Providence,Providence County,RI,William Wait | William Wail,"Sutton, Worcester, Massachusetts",2897,0
1505,John,Murray,Alexandria,Grafton County,NH,John Muzzy | John Murry,"Dublin, Cheshire, New Hampshire",2925,0
1506,John,Murray,Alexandria,Grafton County,NH,John Murry,"Rochester, Strafford, New Hampshire",2926,0
1536,Mary,Allen,Providence,Providence County,RI,Mary Allin,"Dudley, Worcester, Massachusetts",2977,0
1689,Thomas,Smith,Savannah,Chatham County,GA,Thos Searson | Jno Smith,"Beaufort, South Carolina",3264,0
1690,Thomas,Smith,Savannah,Chatham County,GA,Thos Stafford | Geo Smith,"Beaufort, South Carolina",326,05
