,First Name,Last Name,Search Town,Search County,Search State,Name,"Home in 1790 (City, County, State)",index_new,valid
26,Eliphalet,Lester,Old Saybrook,Middlesex County,CT,Eliphalet Leister | Eliphalet Fuster,"Saybrook, Middlesex, Connecticut",38,1
75,William,Hart,Old Saybrook,Middlesex County,CT,"Willm, Esqr Hart Junior | Willm Kurt Junior","Saybrook, Middlesex, Connecticut",120,1
101,Elijah,House,Coventry,Tolland County,CT,Elijah Housie,"Hebron, Tolland, Connecticut",167,1
187,Ann,Dimon,Fairfield,Fairfield County,CT,John Dimon | John Demon,"Weston, Fairfield, Connecticut",304,0
212,William,Williams,Torrington,Litchfield County,CT,William William,"Litchfield, Litchfield, Connecticut",331,0
213,Ashbel,Steele,Hartford,Hartford County,CT,Ashbel Stiles | Ishbel Hiles,"Windsor, Hartford, Connecticut",335,0
225,Selah,Benton,Shelton,Fairfield County,CT,Sealey Benton| Selah,"Huntington, Fairfield, Connecticut",353,1
287,William,Taylor,Milford,New Haven County,CT,William Tyler | William Tylor,"Branford, New Haven, Connecticut",445,1
318,John,Mackay,Greenwich,Fairfield County,CT,John McKay | John McHay,"Norwalk and Stamford, Fairfield, Connecticut",492,1
323,Timothy,Starkey,Old Saybrook,Middlesex County,CT,"Timothy, Esqr Starkey Esquire","Saybrook, Middlesex, Connecticut",502,1
326,David,Sage,East Hampton,Middlesex County,CT,"David, Esqr Sage | David, Esqr Eug","Chatham, Middlesex, Connecticut",507,1
331,David,Lowrey,Newington,Hartford County,CT,David Lowry,"Wethersfield, Hartford, Connecticut",518,1
332,Jonathan,Fuller,Mansfield Center,Tolland County,CT,Jona Fuller| Jonathon | Josiah Fuller,"Coventry, Tolland, Connecticut",522,1
355,Abigail,Keyes,Hartford,Hartford County,CT,Joseph A Case | Joseph Bidwell,"Simsbury, Hartford, Connecticut",546,0
356,John,Shipman,Old Saybrook,Middlesex County,CT,Jno Shipman,"Saybrook, Middlesex, Connecticut",547,1
365,James,Burr,Hartford,Hartford County,CT,Amos Burr,"Windsor, Hartford, Connecticut",561,0
373,William,Mitchell,Old Saybrook,Middlesex County,CT,Wm Mitchell | Wm Michele,"Saybrook, Middlesex, Connecticut",571,1
380,William,Hill,Old Saybrook,Middlesex County,CT,Willm Hill,"Saybrook, Middlesex, Connecticut",582,1
426,Benajah,Douglass,Canaan,Litchfield County,CT,Benajah Dugliss | Benajah Lugliss,"Litchfield, Litchfield, Connecticut",666,1
517,John Paul,Grimke,Charleston,Charleston County,SC,John F Grimkie | John F Grimkee | John F Grimke,"St Phillips and St Michaels, Charleston, South Carolina",805,1
519,John Faucheraud,Grimke,Charleston,Charleston County,SC,John F Grimkie | John F Grimkee | John F Grimke,"St Phillips and St Michaels, Charleston, South Carolina",805,1
534,Jeremiah,Dickinson,Charleston,Charleston County,SC,Jeremiah Dickenson,"St Phillips and St Michaels, Charleston, South Carolina",832,1
543,Adam,Gilchrist,Charleston,Charleston County,SC,Adam Gilcrist,"St Phillips and St Michaels, Charleston, South Carolina",854,1
609,Josiah Carvell,Hall,Baltimore,Baltimore County,MD,Josias Carvel Hall,"Patapsco Lower Hundred, Baltimore, Maryland",971,1
610,Josias C,Hall,Baltimore,Baltimore County,MD,Josias Carvel Hall,"Patapsco Lower Hundred, Baltimore, Maryland",971,1
789,Thomas,Amis,Halifax,Halifax County,NC,Thomas Ames,"Edgecombe, Halifax, North Carolina",1292,1
833,Winthrop,Sargent,Gloucester,Essex County,MA,Winthrop Sargeant | Winthrap Sargeant,"Beverly, Essex, Massachusetts",1349,1
845,Richard,Bartlett,Pembroke,Hillsborough County,NH,Richard Bartlet,"Warner, Hillsborough, New Hampshire",1370,1
907,Samuel,Kinrick,Amesbury,Essex County,MA,Saml Kindrick,"Almsbury, Essex, Massachusetts",1481,1
908,Edward L,Livermore,Portsmouth,Rockingham County,NH,Edward S Livermore | Edwards Livermore,"Concord, Rockingham, New Hampshire",1482,0
913,Margaret,Duncan,Philadelphia,Philadelphia County,PA,Margt (Mercht) Duncan | Margt Duncan,"Water Street East Side, Philadelphia, Pennsylvania",1493,1
914,Margarett,Duncan,Philadelphia,Philadelphia County,PA,Margt (Mercht) Duncan | Margt Duncan,"Water Street East Side, Philadelphia, Pennsylvania",1493,1
921,Ann,Fromberger,Philadelphia,Philadelphia County,PA,John (Gent. in the Court) Fromberger | John Falomberger,"Water Street East Side, Philadelphia, Pennsylvania",1500,1
922,John,Fromberger,Philadelphia,Philadelphia County,PA,John (Gent. in the Court) Fromberger | John Falomberger,"Water Street East Side, Philadelphia, Pennsylvania",1500,1
923,Thomas,Willing,Philadelphia,Philadelphia County,PA,"Thos, Esq. (President of the Bank of N. A.) Willing | Thos Willing","Water Street East Side, Philadelphia, Pennsylvania",1508,1
924,Abbey,Willing,Philadelphia,Philadelphia County,PA,"Thos, Esq. (President of the Bank of N. A.) Willing | Thos Willing","Water Street East Side, Philadelphia, Pennsylvania",1508,1
925,Thomas M,Willing,Philadelphia,Philadelphia County,PA,"Thos, Esq. (President of the Bank of N. A.) Willing | Thos Willing","Water Street East Side, Philadelphia, Pennsylvania",1508,1
926,Thomas,Mcwilling,Philadelphia,Philadelphia County,PA,"Thos, Esq. (President of the Bank of N. A.) Willing | Thos Willing","Water Street East Side, Philadelphia, Pennsylvania",1508,1
929,Israel,Jacobs,Philadelphia,Philadelphia County,PA,Israel (Shop Keeper) Jacobs | Israel Jacob,"Water Street East Side, Philadelphia, Pennsylvania",1510,1
930,Daniel,Hartung,Philadelphia,Philadelphia County,PA,Daniel (Furrier) Hartung | Daniel Hartling,"Water Street East Side, Philadelphia, Pennsylvania",1518,1
936,Lawrance,Herbert,Philadelphia,Philadelphia County,PA,Lawrence Herbert,"Water Street East Side, Philadelphia, Pennsylvania",1535,1
937,Robert,Ralston,Philadelphia,Philadelphia County,PA,Robert (Mert.) Rolston | Robert Rolston,"Water Street East Side, Philadelphia, Pennsylvania",1536,1
941,Christian,Betz,Philadelphia,Philadelphia County,PA,Christian Beltz| Christian Bettz,"Northern Liberties, Philadelphia, Pennsylvania",1545,1
946,Ann,Brodeau,Philadelphia,Philadelphia County,PA,Ann (Boardg School) Brodeau | Ann Brodeaw,"Water Street East Side, Philadelphia, Pennsylvania",1553,1
949,andrew,Summers,Philadelphia,Philadelphia County,PA,Andr Summers | Ande Summers,"Water Street East Side, Philadelphia, Pennsylvania",1559,1
950,andrew,Summer,Philadelphia,Philadelphia County,PA,Andr Summers | Ande Summers,"Water Street East Side, Philadelphia, Pennsylvania",1559,1
954,Matthew,Mcconnell,Philadelphia,Philadelphia County,PA,Matthew (Broker) McConnell | Matthew McConnell,"Water Street East Side, Philadelphia, Pennsylvania",1563,1
955,Mathew,Mcconnell,Philadelphia,Philadelphia County,PA,Matthew (Broker) McConnell | Matthew McConnell,"Water Street East Side, Philadelphia, Pennsylvania",1563,1
960,Robert,Correy,Philadelphia,Philadelphia County,PA,Robt Currey | Robt Carrey,"Water Street East Side, Philadelphia, Pennsylvania",1569,1
962,Edward,Shippen,Philadelphia,Philadelphia County,PA,"Edwd, Esq. (Judg C. Pleas) Shippin Esquire | Edwd Shippin Esquire","Water Street East Side, Philadelphia, Pennsylvania",1571,1
965,Abraham,Markoe,Philadelphia,Philadelphia County,PA,Abraham (Gent.) Markoe | Abrhama Markoe,"Water Street East Side, Philadelphia, Pennsylvania",1574,1
979,Ann,Forde,Philadelphia,Philadelphia County,PA,Ann (Boardg Hous) Ford | Ann Ford,"Water Street East Side, Philadelphia, Pennsylvania",1592,1
980,Mordecai,Lewis,Philadelphia,Philadelphia County,PA,Mordica & Co. (Mert) Lewis | Mordica Lewis,"Water Street East Side, Philadelphia, Pennsylvania",1596,1
990,Phileman,Dickinson,Philadelphia,Philadelphia County,PA,Philemon Dickenson | Philemon Dickerson,"Water Street East Side, Philadelphia, Pennsylvania",1616,1
991,Philemon,Dickinson,Philadelphia,Philadelphia County,PA,Philemon Dickenson | Philemon Dickerson,"Water Street East Side, Philadelphia, Pennsylvania",1616,1
992,William,Cramond,Philadelphia,Philadelphia County,PA,Wm Cramond,"Water Street East Side, Philadelphia, Pennsylvania",1617,1
993,William,Crammond,Philadelphia,Philadelphia County,PA,Wm Cramond,"Water Street East Side, Philadelphia, Pennsylvania",1617,1
998,Clemont,Biddle,Philadelphia,Philadelphia County,PA,"Clement (Notary, Scrivener, & Broker) Biddle | Clement Biddle","Water Street East Side, Philadelphia, Pennsylvania",1621,1
999,Daniel,Coxe,Philadelphia,Philadelphia County,PA,Danl Coxe,"Water Street East Side, Philadelphia, Pennsylvania",1624,1
1000,Daniel W,Coxe,Philadelphia,Philadelphia County,PA,Danl Coxe,"Water Street East Side, Philadelphia, Pennsylvania",1624,1
1001,Daniel William,Coxe,Philadelphia,Philadelphia County,PA,Danl Coxe,"Water Street East Side, Philadelphia, Pennsylvania",1624,1
1019,John,Barnhill,Philadelphia,Philadelphia County,PA,John (Shop Keeper) Barnhill | John Bamhell,"Water Street East Side, Philadelphia, Pennsylvania",1666,1
1040,William,Forrest,Philadelphia,Philadelphia County,PA,Wm Forrest,"Water Street East Side, Philadelphia, Pennsylvania",1697,1
1041,Francis,Johnson,Philadelphia,Philadelphia County,PA,James F Johnson | James F Johnson,"Water Street East Side, Philadelphia, Pennsylvania",1698,1
1045,Samuel,Jackosn,Philadelphia,Philadelphia County,PA,Samuel (Shopkeeper) Jackson | Samuel Jackson,"Water Street East Side, Philadelphia, Pennsylvania",1704,1
1049,Edward,Bartholomew,Philadelphia,Philadelphia County,PA,"Edward, Esqr (Excise Officer) Bartholemew | Edward Bartholemew","Water Street East Side, Philadelphia, Pennsylvania",1714,1
1050,Edward,Barthalomew,Philadelphia,Philadelphia County,PA,"Edward, Esqr (Excise Officer) Bartholemew | Edward Bartholemew","Water Street East Side, Philadelphia, Pennsylvania",1714,1
1057,Robert,Porter,Philadelphia,Philadelphia County,PA,Robt (Tallow Chanr) Porter | Robt Porter,"Water Street East Side, Philadelphia, Pennsylvania",1726,1
1067,William,Kenly,Philadelphia,Philadelphia County,PA,Wm (Acct) Kinley | Wm Kinley,"Water Street East Side, Philadelphia, Pennsylvania",1746,1
1070,Paul,Coxe,Philadelphia,Philadelphia County,PA,Paul (Shopkeeper) Cox | Paul Cox,"Water Street East Side, Philadelphia, Pennsylvania",1748,1
1071,Henry,Muhlenberg,Philadelphia,Philadelphia County,PA,Fredk A. Esq. (Speaker of the H. of R. of U. S.) Muhlenberg | Fred A Mahlenberg,"Water Street East Side, Philadelphia, Pennsylvania",1753,1
1072,Jonathan B,Smith,Philadelphia,Philadelphia County,PA,"Jona B., Esqr Smith | Jond Smith","Water Street East Side, Philadelphia, Pennsylvania",1754,1
1073,Margaret,Stocker,Philadelphia,Philadelphia County,PA,Margret (Genl Woman) Stocker | Margret Stocker,"Water Street East Side, Philadelphia, Pennsylvania",1757,1
1074,Margaret,Stooker,Philadelphia,Philadelphia County,PA,Margret (Genl Woman) Stocker | Margret Stocker,"Water Street East Side, Philadelphia, Pennsylvania",1757,1
1081,Benjamin,Loxley,Philadelphia,Philadelphia County,PA,Benjn (Carpentr) Loxley | Benj Loxley,"Water Street East Side, Philadelphia, Pennsylvania",1771,1
1083,John,Ramsey,Philadelphia,Philadelphia County,PA,John Ramsay,"Northern Liberties, Philadelphia, Pennsylvania",1781,1
1092,Henry,Helmuth,Philadelphia,Philadelphia County,PA,Reverend Revd Henry (Minister Luth. Cong.) Helmoth | Reverend Henry Helmoth,"Water Street East Side, Philadelphia, Pennsylvania",1797,1
1093,Peter,Peres,Philadelphia,Philadelphia County,PA,Peter Pare | Peter Pari,"Water Street East Side, Philadelphia, Pennsylvania",1798,1
1094,Isaac,Roush,Philadelphia,Philadelphia County,PA,Isaac (Grocer) Roush | Isaac Boush,"Water Street East Side, Philadelphia, Pennsylvania",1799,1
1106,John,Olden,Philadelphia,Philadelphia County,PA,John (Mercht) Oldden | John Oldden,"Water Street East Side, Philadelphia, Pennsylvania",1838,1
1110,John,Eldredge,Philadelphia,Philadelphia County,PA,John (Shop Keeper) Eldridge | Jehu Eldridge,"Water Street East Side, Philadelphia, Pennsylvania",1849,1
1116,Catharine,Keppele,Philadelphia,Philadelphia County,PA,Catharine (Gentw) Kepple | Catharine Kepple,"Water Street East Side, Philadelphia, Pennsylvania",1856,1
1117,Catherine,Kepple,Philadelphia,Philadelphia County,PA,Catharine (Gentw) Kepple | Catharine Kepple,"Water Street East Side, Philadelphia, Pennsylvania",1856,1
1126,John,Sitgraves,Philadelphia,Philadelphia County,PA,Wm & Jno (Mert) Sitgraves | Wm Sitzraves,"Water Street East Side, Philadelphia, Pennsylvania",1871,1
1127,William,Sitgreaves,Philadelphia,Philadelphia County,PA,Wm & Jno (Mert) Sitgraves | Wm Sitzraves,"Water Street East Side, Philadelphia, Pennsylvania",1871,1
1149,Geroge,Bard,Lancaster,Lancaster County,PA,George Bard,"Manheim, Lancaster, Pennsylvania",1939,1
1164,Gabriel,Heister,Reading,Berks County,PA,Gabriel Hiester,"Bern, Berks, Pennsylvania",1975,1
1175,Elizabeth,Parry,Philadelphia,Philadelphia County,PA,Elizabeth (Widow) Perrey | Elizabeth Poney,"Water Street East Side, Philadelphia, Pennsylvania",1995,1
1181,John,Keble,Philadelphia,Philadelphia County,PA,John (Clerk in Rec. Genl of Land Office) Keeble | John Keeble,"Water Street East Side, Philadelphia, Pennsylvania",2002,1
1186,andrew,Douglass,Philadelphia,Philadelphia County,PA,Andrew Douglass,"Water Street East Side, Philadelphia, Pennsylvania",2012,1
1191,Michael Morgan,O'Brien,Philadelphia,Philadelphia County,PA,M. Morgan (Gent.) O Brian | M Morgan Obrian,"Water Street East Side, Philadelphia, Pennsylvania",2027,1
1193,Matthias,Shafer,Philadelphia,Philadelphia County,PA,Matthias Shaffer | Matthias Sheffer,"Mojamensing and Passyunk, Philadelphia, Pennsylvania",2033,1
1205,andrew,Caldwell,Philadelphia,Philadelphia County,PA,Andrew (Gentleman) Caldwell | Andrew Caldwell,"Water Street East Side, Philadelphia, Pennsylvania",2053,1
1208,Ebenezer,Cowell,Philadelphia,Philadelphia County,PA,Ebenezar (Mill S. Makr) Cowell | Ebenezar Cowell,"Water Street East Side, Philadelphia, Pennsylvania",2055,1
1218,Nathaniel,Donnell,Philadelphia,Philadelphia County,PA,Nathanl (G. Man) Donnell | Nathan Donnell,"Water Street East Side, Philadelphia, Pennsylvania",2071,1
1221,Mary,Sindrey,Philadelphia,Philadelphia County,PA,Mary Sindry,"Oxford, Philadelphia, Pennsylvania",2077,1
1236,Nathaniel,Falconar,Philadelphia,Philadelphia County,PA,Captain Capt Nathaniel Falconer | Captain Nathaniel Falconer,"Water Street East Side, Philadelphia, Pennsylvania",2108,1
1241,Hannah,Duton,Philadelphia,Philadelphia County,PA,Hannah Dutton,"Northern Liberties, Philadelphia, Pennsylvania",2111,1
1253,Henry,Keppele,Philadelphia,Philadelphia County,PA,Henry (Gent.) Kepple | Henry Kepple,"Water Street East Side, Philadelphia, Pennsylvania",2127,1
1258,Dorcas,Montgomery,Philadelphia,Philadelphia County,PA,Dorcas (Gentle Wm) Mongomery | Donas Mongomery,"Water Street East Side, Philadelphia, Pennsylvania",2130,1
1265,Rebecca,Doz,Philadelphia,Philadelphia County,PA,Rebecca (Gen. Woman) Doz | Rebecca Doy,"Water Street East Side, Philadelphia, Pennsylvania",2140,1
1279,William,Govett,Philadelphia,Philadelphia County,PA,Wm (City Commr) Gavett | Wm Govett,"Water Street East Side, Philadelphia, Pennsylvania",2153,1
1281,Reading,Howell,Philadelphia,Philadelphia County,PA,Reading (Surveyor) Howell | Redding Howell,"Water Street East Side, Philadelphia, Pennsylvania",2157,1
1284,Helena,Ritchie,Philadelphia,Philadelphia County,PA,Helana (Genl Woman) Ritchie | Helana Ritchel | Helana (Gent| le Woman) Ritchie,"Water Street East Side, Philadelphia, Pennsylvania",2167,1
1299,Joseph R,Tatem,Philadelphia,Philadelphia County,PA,Joseph (Taylor) Tatem | Joseph Tatem,"Water Street East Side, Philadelphia, Pennsylvania",2203,1
1318,Abraham,Sheridan,Philadelphia,Philadelphia County,PA,Abraham (Inn Keeper) Sherriden | Abraham Sheriden,"Water Street East Side, Philadelphia, Pennsylvania",2236,1
1323,John,Guier,Philadelphia,Philadelphia County,PA,John (Baker) Guyer | John Guyer,"Water Street East Side, Philadelphia, Pennsylvania",2246,1
1324,Mathias,Keeley,Philadelphia,Philadelphia County,PA,Matthias Keeley,"Water Street East Side, Philadelphia, Pennsylvania",2247,1
1327,Jasper,Moylan,Philadelphia,Philadelphia County,PA,"Jasper, Esq. (Attory At Law) Moylan Esquire | Jasper Mayland Esquire","Water Street East Side, Philadelphia, Pennsylvania",2252,1
1332,John M,Nesbett,Philadelphia,Philadelphia County,PA,John Nesbitt | John Nesbett,"Water Street East Side, Philadelphia, Pennsylvania",2255,1
1333,John Maxwell,Nesbitt,Philadelphia,Philadelphia County,PA,John Nesbitt | John Nesbett,"Water Street East Side, Philadelphia, Pennsylvania",2255,1
1334,John M,Nesbitt,Philadelphia,Philadelphia County,PA,John Nesbitt | John Nesbett,"Water Street East Side, Philadelphia, Pennsylvania",2255,1
1344,Matthew,Clerkson,Philadelphia,Philadelphia County,PA,"Matthew, Esqr Clarkson | Matthew Clarkson","Water Street East Side, Philadelphia, Pennsylvania",2276,1
1345,George,Habacker,Philadelphia,Philadelphia County,PA,George Habacher,"Water Street East Side, Philadelphia, Pennsylvania",2277,1
1346,George,Habaker,Philadelphia,Philadelphia County,PA,George Habacher,"Water Street East Side, Philadelphia, Pennsylvania",2277,1
1348,Samuel,Pancoast,Philadelphia,Philadelphia County,PA,Samuel (Carpr) Pancoast | Samuel Pancoust,"Water Street East Side, Philadelphia, Pennsylvania",2285,1
1352,George,Bickham,Philadelphia,Philadelphia County,PA,George (Merch.) Beckham | George Beckham,"Water Street East Side, Philadelphia, Pennsylvania",2291,1
1354,Joseph,Paschall,Philadelphia,Philadelphia County,PA,Joseph (Iron Monger) Paschall | Joseph Parchall,"Water Street East Side, Philadelphia, Pennsylvania",2295,1
1355,William,Elliot,Philadelphia,Philadelphia County,PA,Wm (Plaisterer) Elliott | Wm Elliott,"Southwark, Philadelphia, Pennsylvania",2300,1
1356,William,Elliott,Philadelphia,Philadelphia County,PA,Wm (Plaisterer) Elliott | Wm Elliott,"Southwark, Philadelphia, Pennsylvania",2300,1
1370,Philip,Albright,York Township,York County,PA,Phillip Albright,"York, York, Pennsylvania",2325,1
1371,Elias,Boys,Philadelphia,Philadelphia County,PA,"Elias, Esq. (Member of the General Assembly & Merchant) Boys","Southwark, Philadelphia, Pennsylvania",2326,1
1372,Jacob,Lawerswyler,Philadelphia,Philadelphia County,PA,"Jacob, & Laverswyler (Sugar Baker) Muhlenberg | Jacob Laverswyler","Water Street East Side, Philadelphia, Pennsylvania",2331,1
1379,John,Lockhart,Philadelphia,Philadelphia County,PA,John Lockan | John Lockart,"Water Street East Side, Philadelphia, Pennsylvania",2340,1
1387,Mary,Heyl,Philadelphia,Philadelphia County,PA,Mary (Spinster) Halt | Mary Hall,"Water Street East Side, Philadelphia, Pennsylvania",2353,1
1390,John,Shields,Philadelphia,Philadelphia County,PA,John (Mert) Shields | John Sheidr,"Water Street East Side, Philadelphia, Pennsylvania",2365,1
1392,Cadwalader,Evans,Philadelphia,Philadelphia County,PA,| Cadwallader Evans | Cadwallader (Mercht) Evans,"Water Street East Side, Philadelphia, Pennsylvania",2374,1
1395,andrew,Geyer,Philadelphia,Philadelphia County,PA,Andrew (Book Binder) Geyer | Andrew Geyer,"Water Street East Side, Philadelphia, Pennsylvania",2380,1
1400,William,Drinker,Philadelphia,Philadelphia County,PA,Wm (Genl Man) Drinker | Wm Drinker,"Water Street East Side, Philadelphia, Pennsylvania",2389,1
1403,Garrett,Cottringer,Philadelphia,Philadelphia County,PA,Garret (Mercht) Cottringer | Garret Collunger,"Water Street East Side, Philadelphia, Pennsylvania",2397,1
1407,Jaocb,Bankson,Philadelphia,Philadelphia County,PA,Jacob (Attory At Law) Bankson | Jacob Bankson,"Southwark, Philadelphia, Pennsylvania",2400,1
1409,Thomas,Broom,Philadelphia,Philadelphia County,PA,Thos (Shoe Marker) Broom | Thos Broom,"Southwark, Philadelphia, Pennsylvania",2402,1
1418,William,Lee,Philadelphia,Philadelphia County,PA,Wm (Shoe Mak.) Lee | Wm Lee,"Water Street East Side, Philadelphia, Pennsylvania",2424,1
1429,Philip,Reilly,Philadelphia,Philadelphia County,PA,Philip (Clerk) Reiley | Philip Reiley,"Water Street East Side, Philadelphia, Pennsylvania",2441,1
1430,Philip,Reily,Philadelphia,Philadelphia County,PA,Philip (Clerk) Reiley | Philip Reiley,"Water Street East Side, Philadelphia, Pennsylvania",2441,1
1436,Ebenezar,Branham,Philadelphia,Philadelphia County,PA,Ebenezas (Inn Keeper) Branham | Ebenezer Branham,"Water Street East Side, Philadelphia, Pennsylvania",2451,1
1456,Michael,Doudal,York Township,York County,PA,Michal Doudle,"York Borough, York, Pennsylvania",2491,1
1457,Michael,Doudel,York Township,York County,PA,Michal Doudle,"York Borough, York, Pennsylvania",2491,1
1461,Lewis,Michael,York Township,York County,PA,Lewis Michal,"York Borough, York, Pennsylvania",2500,1
1489,Nathan,Waterman,Providence,Providence County,RI,Nathaniel Waterman,"Johnstown, Providence, Rhode Island",2562,1
1518,Daniel,Eddy,Providence,Providence County,RI,Daniel Edey,"Johnstown, Providence, Rhode Island",2595,1
1528,John B,Hopkins,Providence,Providence County,RI,John Hopkins,"Foster, Providence, Rhode Island",2608,1
1585,James,Randall,Johnston,Providence County,RI,James Randal,"Johnstown, Providence, Rhode Island",2693,1
1592,Nathan,Relph,North Scituate,Providence County,RI,Nathan Ralph,"Scituate, Providence, Rhode Island",2700,1
1661,Tryphena,Steer,Gloucester,Providence County,RI,Mrs Mrs Trifina Steer | Mrs Trifina Steer,"Scituate, Providence, Rhode Island",2798,1
1696,Jabez,Relph,North Scituate,Providence County,RI,Jabes Ralph | Jabez Ralph,"Scituate, Providence, Rhode Island",2842,1
1702,Thomas Lloyd,Halsey,Cranston,Providence County,RI,Thomas L Halsey,"Providence, Providence, Rhode Island",2851,1
1715,William Waterman,Johnston,Johnston,Providence County,RI,William Johnston,"Scituate, Providence, Rhode Island",2874,0
1718,John,Hurt,Rehoboth,Bristol County,MA,John Hart,"Taunton, Bristol, Massachusetts",2877,0
1726,Richard,Borden,East Freetown,Bristol County,MA,Richard Burden| Richard Burdin,"Freetown, Bristol, Massachusetts",2887,1
1747,William,Hall,Providence,Providence County,RI,William Hill,"Foster, Providence, Rhode Island",2918,0
1801,Gustavus,Colhoun,Charleston,Charleston County,SC,P. G. & Son Chion | P. G. & Son Culhoun,"St Phillips and St Michaels, Charleston, South Carolina",3034,1
1808,Florian Charles,Mey,Charleston,Charleston County,SC,Florine C Mey,"St Phillips and St Michaels, Charleston, South Carolina",3047,1
1811,Edward,Darrell,Charleston,Charleston County,SC,Edward Darrel | Edward Varrel,"St Phillips and St Michaels, Charleston, South Carolina",3052,1
1812,Amarinthia,Elliott,Charleston,Charleston County,SC,Miss Miss A Eliott | Miss A Eliott,"St Bartholomes, Charleston, South Carolina",3053,1
1814,Joseph,Abendanone,Charleston,Charleston County,SC,Joseph Abendanon | Joseph Mondanon,"St Phillips and St Michaels, Charleston, South Carolina",3055,1
1827,Thomas,Daughty,Charleston,Charleston County,SC,Thomas Doughty,"St Phillips and St Michaels, Charleston, South Carolina",3073,1
1828,Isaac,Dacosta,Charleston,Charleston County,SC,Isaac De Costa | Isaac Debosta,"St Phillips and St Michaels, Charleston, South Carolina",3074,1
1829,John,Champneys,Charleston,Charleston County,SC,John Champney,"St Phillips and St Michaels, Charleston, South Carolina",3077,1
1839,Cornelius,Comegys,Philadelphia,Philadelphia County,PA,Cornelius (Mercht) Comoggs | Cornelius Comeggs,"Water Street East Side, Philadelphia, Pennsylvania",3096,1
1845,Isaac,Motte,Charleston,Charleston County,SC,Isaac Mott,"St Phillips and St Michaels, Charleston, South Carolina",3106,1
1847,Susannah,Cox,Charleston,Charleston County,SC,Susanah Cox,"St Phillips and St Michaels, Charleston, South Carolina",3111,1
1849,William,Somarsall,Charleston,Charleston County,SC,William Somersell,"St Phillips and St Michaels, Charleston, South Carolina",3113,1
1851,Joseph,Blyth,Georgetown,Georgetown County,SC,Joseph Ttt Blyth,"Prince Georges, Georgetown, South Carolina",3120,1
1855,Thomas,Buckle,Charleston,Charleston County,SC,Thomas Buckel,"St Phillips and St Michaels, Charleston, South Carolina",3124,1
1867,John,Mackenzie,Charleston,Charleston County,SC,John McKensie | John McKenrie,"St Phillips and St Michaels, Charleston, South Carolina",3143,1
1870,Alexander,Gillon,Charleston,Charleston County,SC,Alexander Gillion,"St Phillips and St Michaels, Charleston, South Carolina",3160,1
1871,Albert Aerny,Muller,Charleston,Charleston County,SC,Albert A Miller,"St Phillips and St Michaels, Charleston, South Carolina",3170,1
1875,James,Mccall,Charleston,Charleston County,SC,James McCall,"St Phillips and St Michaels, Charleston, South Carolina",3176,1
1891,William,Gowdey,Charleston,Charleston County,SC,William Gowdy | William Gorsds,"Christ Church, Charleston, South Carolina",3194,1
1892,John Lewis,Gervais,Charleston,Charleston County,SC,John L Gervis,"St Phillips and St Michaels, Charleston, South Carolina",3209,1
1893,John Ewing,Colhoun,Charleston,Charleston County,SC,John E Coulhoun,"St Phillips and St Michaels, Charleston, South Carolina",3210,1
1894,Charles,Desel,Charleston,Charleston County,SC,Charles Desil,"St Phillips and St Michaels, Charleston, South Carolina",3211,1
1915,John,Johnston,Philadelphia,Philadelphia County,PA,John (Laborer) Johnston | Jno Johnston,"Southwark, Philadelphia, Pennsylvania",3252,1
1921,Isaac S,Keith,Charleston,Charleston County,SC,Isaac Keith,"St Phillips and St Michaels, Charleston, South Carolina",3258,1
1922,James,Lyanh,Charleston,Charleston County,SC,James Lynah,"St Phillips and St Michaels, Charleston, South Carolina",3261,1
1924,Thomas H,Mccalla,Charleston,Charleston County,SC,Thomas Calla,"St Phillips and St Michaels, Charleston, South Carolina",3263,1
530,Charles,Crawford,,,GA,Charles Crawford,"Beaufort, North Carolina",820,0
537,John,Stirk,,,GA,John Stark,"Orange, North Carolina",840,0
539,John,Gibbons,,,GA,John Gibbens | John Gibbins | John Gillon | John Gibbons,"Mecklenburg, North Carolina",849,0
709,Richard,Conway,,,VA,Michael Conway| Richard Michael Sr. Conway,"Queen Annes, Maryland",1131,0
734,Christopher,Johnston,,,MD,Christr Johnston | Christ Johnston,"Northumberland, Pennsylvania",1163,0
743,Zachariah,Mcdonald,,,MD,Zachariah McDonald,"Richmond, North Carolina",1181,0
744,Zachariah,Mcdonlad,,,MD,Zachariah McDonald,"Richmond, North Carolina",1181,0
750,Edmund,Nelms,,,MD,Edmund Nelms,"Sampson, North Carolina",1207,0
918,Mark,Hardin,,,PA,Mark Hardin | Marh Hardin | Mark Harden,"Randolph, North Carolina",1497,0
919,Matthew,Vanlear,,,PA,Mathew Vanlear | Nathan Nantra,"Washington, Maryland",1498,0
984,Benjamin,Marshall,,,DE,Benjamin Marshail | Benjamin Marshall,"Charles, Maryland",1604,0
1047,John L,Elbert,,,PA,John Elbert,"Talbot, Maryland",1710,0
1103,Mary,Knight,,,PA,Mary Night,"Kent, Maryland",1836,0
1115,Conrad,Van Wagener,,,PA,Conrod Wagoner,"Lincoln, North Carolina",1853,0
1130,Hugh,Williamson,,,NC,Hugh M Williams| Hugh McWilliams,"Laurens, South Carolina",843,0
1192,Samuel,Torbert,,,PA,Saml Talbert | Saml Balbant | Saml Torbert,"Union, South Carolina",2028,0
1360,Samuel,Turbett,,,PA,Samuel Turbutt,"Talbot, Maryland",2304,0
1369,Jedediah,Swan,,,NJ,Judath Swain| Judith Swaim,"Stokes, North Carolina",2324,0
1396,Maurice,Davis,,,PA,Morris Davis | Thomas Davis,"Kent, Maryland",2383,0
1759,Amasa,Learned,,,RI,Amasa Learned | Amala Leonard,"New London, Connecticut",2946,0
551,Benjamin,Duvall,,Prince Georges County,MD,Benjamin Duvall | Benjamin Dewall,"Washington, Maryland",868,1
574,William,Winder,,Somerset County,MD,William Hunter | William Wanter,"Bedford, Pennsylvania",912,0
584,Samuel,Griffin,,Harford County,MD,William S Griffin | William F Griffin,"Charles, Maryland",941,0
597,John,Bennett,,Montgomery County,MD,"John Bennet| John Bennett | John ""Governor"" Bennett","Frederick, Maryland",957,0
619,Mary,Elliot,,Baltimore County,MD,Mary Ellitt | Mary Elliott,"Queen Annes, Maryland",980,1
717,andrew,Baille,,Charles County,MD,"Andrew, of Nin Beall | Andrew Beall","Prince Georges, Maryland",1142,0
767,Tristiam,Bowdle,,Anne Arundel County,MD,Tristram Bowdle,"Talbot, Maryland",1237,1
768,Tristram,Bowdle,,Anne Arundel County,MD,Tristram Bowdle,"Talbot, Maryland",1237,1
780,Alexander,Nelson,,Mecklenburg County,NC,Alex Nelson,"Lincoln, North Carolina",1261,0
794,John,Linox,,Rockingham County,NC,John Lenox,"Caswell, North Carolina",1297,0
1095,Jacob,Sommer,,Philadelphia County,PA,Jacob Sommers,"Frederick, Maryland",1800,0
1163,Kenry,Smith,,Montgomery County,PA,William K Smith | William Smith | William H Smith,"Luzerne, Pennsylvania",1970,0
1202,Martha,Jones,,Chester County,PA,Morda Jones,"Montgomery, Pennsylvania",2050,0
1228,Samuel,Henderson,,Bucks County,PA,Saml Henderson,"Montgomery, Pennsylvania",2090,0
1309,James Mc,Farlane,,Westmoreland County,PA,James Farland | James Farlane,"Washington, Pennsylvania",2217,0
1310,James,Mcfarlane,,Westmoreland County,PA,James Farland | James Farlane,"Washington, Pennsylvania",2217,0
1328,Jacob Lawer,Swyler,,Philadelphia County,PA,Jacob Seller,"Bucks, Pennsylvania",2253,0
1329,Jacob Sawer,Swyler,,Philadelphia County,PA,Jacob Seller,"Bucks, Pennsylvania",2253,0
1362,Nicholas,Pomp,,Montgomery County,PA,Nicholas Pump | Nicholas Pamp,"Bucks, Pennsylvania",2310,0
1363,Wilder,Bevins,,Lancaster County,PA,Walter Beavin,"Charles, Maryland",2314,0
1367,William,Rannals,,Franklin County,PA,William Runnels,"Washington, Maryland",2322,0
1432,Moses Hobson In,Trust,,Montgomery County,PA,John Hurst | John Thurst,"Mifflin, Pennsylvania",2447,0
1449,Daniel,Snyder,,Northampton County,PA,Daniel Snider,"Bucks, Pennsylvania",2482,0
200,Martin,Mcdonald,,,NY,Martin McDonald,"Cortlandt, Westchester, New York",318,1
337,Isaac,Gillet,,,VT,Asa Gillet | Ica Gillet,"Newhuntington, Chittenden, Vermont",526,1
372,Benjamin,Talmage,,,CT,Benjamin Tallmadge | Benjamin Tollmady,"Litchfield, Litchfield, Connecticut",570,1
438,Solomon,Simson,,,NY,Solomon Simpson,"New York City Dock Ward, New York, New York",681,1
508,Stephen R,Bradley,,,VT,R. Stephen Bradley | R Stephen Bradley,"Westminster, Windham, Vermont",794,1
521,Peter,Schermerhorn,,,NY,Peter Schemerhorn,"New York City Montgomery Ward, New York, New York",815,1
531,Richard,Wainwright,,,SC,Richd Wainwright | Richd Wainewright,"St Phillips and St Michaels, Charleston, South Carolina",821,1
541,Israel,Josephs,,,SC,Israel Joseph,"St Phillips and St Michaels, Charleston, South Carolina",851,1
631,Christian,Lybrant,,,PA,Christian Leybrandt,"Water Street East Side, Philadelphia, Pennsylvania",1005,1
971,Francis,Hiam,,,PA,Francis Hime | Frances Harne,"Mixed Township, York, Pennsylvania",1587,1
989,Allen,Boys,,,PA,Allen Boyce,"Bullskin, Fayette, Pennsylvania",1615,1
1004,Nathaniel G,Philips,,,PA,Nathanial Philips,"Warrinton, York, Pennsylvania",1627,1
1013,Thomas,Magens,,,PA,Thomas Magins | Thomas Magans | Magans,"Northern Liberties, Philadelphia, Pennsylvania",1656,1
1020,John,Gammil,,,PA,John Gammet | John Gammel,"Martick, Lancaster, Pennsylvania",1667,1
1021,David,Lenax,,,PA,"Colonel Col. David, Esquire Lenox | Colonel David Lenox","Water Street East Side, Philadelphia, Pennsylvania",1668,1
1053,Elizabeth,Marshall,,,PA,Elizabeth Marshal,"Mojamensing and Passyunk, Philadelphia, Pennsylvania",1722,1
1059,Stephen,Burrowes,,,PA,Stephen (Sadler) Burrows | Stephen Bunows,"Water Street East Side, Philadelphia, Pennsylvania",1728,1
1060,Stephen,Burrows,,,PA,Stephen (Sadler) Burrows | Stephen Bunows,"Water Street East Side, Philadelphia, Pennsylvania",1728,1
1065,John,Havard,,,PA,John Havert,"Tredifferin, Chester, Pennsylvania",1744,1
1077,Eleanor,James,,,PA,Elenor (Genl Woman) James | Elenor James,"Water Street East Side, Philadelphia, Pennsylvania",1762,1
1080,Benjamin,Loxley,,,PA,Benjn (Carpentr) Loxley | Benj Loxley,"Water Street East Side, Philadelphia, Pennsylvania",1771,1
1085,Phillip,Vance,,,PA,Philip (B.smith) Vance | Philip Vance,"Southwark, Philadelphia, Pennsylvania",1782,1
1086,Philip,Gardner,,,PA,Phillip Gardner,"York Borough, York, Pennsylvania",1783,1
1088,Nathan,Paul,,,PA,Nathaniel Paull,"Fannet, Hamilton, Letterkenney, Montgomery, and Peters, Franklin, Pennsylvania",1784,1
1098,George,Maul,,,PA,George Hail | George Mail,"Hopewell, Newton, Tyborn, and Westpensboro, Cumberland, Pennsylvania",1812,1
1099,Charles,Mcclare,,,PA,Charles McClure,"Hopewell, Newton, Tyborn, and Westpensboro, Cumberland, Pennsylvania",1828,1
1100,Charles,Mcclure,,,PA,Charles McClure,"Hopewell, Newton, Tyborn, and Westpensboro, Cumberland, Pennsylvania",1828,1
1108,James,Searle,,,PA,James (Mert) Serle,"Water Street East Side, Philadelphia, Pennsylvania",1840,1
1111,Dietrick,Metzner,,,PA,Jno Didrich Metzner,"Reading, Berks, Pennsylvania",1850,1
1122,Thomas,Dickason,,,PA,Thomas Dickenson,"Hopewell, Newton, Tyborn, and Westpensboro, Cumberland, Pennsylvania",1862,1
1133,Thomas,Affleck,,,PA,Thos (Cabinet Maker) Affleck | Thos Affleck,"Water Street East Side, Philadelphia, Pennsylvania",1899,1
1143,John G,Gloninger,,,PA,"John, Esqr Gloninger Esquire | John Gloninger Esquire","Lebanon, Dauphin, Pennsylvania",1923,1
1150,Sabastian,Graff,,,PA,Sebastian Graff,"Manheim, Lancaster, Pennsylvania",1942,1
1166,Thomas,Reber,,,PA,Thos Reber,"Bern, Berks, Pennsylvania",1978,1
1182,John,O'Connor,,,PA,John Connor,"Radnor, Delaware, Pennsylvania",2005,1
1215,Christina,Grover,,,PA,Christopher Garver,"Hopewell, Newton, Tyborn, and Westpensboro, Cumberland, Pennsylvania",2066,1
1280,Cantwell,Jones,,,PA,Sarah (Gentlewoman) Jones | Sarah Jones,"Southwark, Philadelphia, Pennsylvania",2154,1
1293,Alexander J,Dallas,,,PA,"John A., Esqr (Atty At Law) Dallass | John A Dallas","Water Street East Side, Philadelphia, Pennsylvania",2192,1
1364,Charles,Fausett,,,PA,Charles Fausset,"Elizabeth, Lancaster, Pennsylvania",2315,1
1365,Charles,Faussett,,,PA,Charles Fausset,"Elizabeth, Lancaster, Pennsylvania",2315,1
1388,Margaret,Fullerton,,,PA,Margret Fullerton,"Water Street East Side, Philadelphia, Pennsylvania",2354,1
1399,William,Bingham,,,PA,"Wm, Esqr (Speaker of Assembley) Bingham | Wm Bingham","Water Street East Side, Philadelphia, Pennsylvania",2388,1
1421,Nathaniel,Leonard,,,PA,Nathanial Leonard,"Hopewell, Newton, Tyborn, and Westpensboro, Cumberland, Pennsylvania",2429,1
1427,Philip,Gisinger,,,PA,Philip Gysinger,"Upper Saucon, Northampton, Pennsylvania",2439,1
1438,Robert,Mcmordie,,,PA,Robert McMordick,"Mixed Township, York, Pennsylvania",2452,1
1453,Jacob,Winey,,,PA,Jacob Weiney,"Reading, Berks, Pennsylvania",2488,1
1490,Nathan,Waterman,,,RI,Nathaniel Waterman,"Johnstown, Providence, Rhode Island",2562,1
1531,Hannah,Cooke,,,RI,Hannah Cook,"Providence, Providence, Rhode Island",2617,1
1532,Nicholas,Cooke,,,RI,Nicholas Cook,"Providence, Providence, Rhode Island",2618,1
1671,Eliezer,Harding,,,RI,Eleazar Harding,"Providence, Providence, Rhode Island",2809,1
1693,Benjamin,Baurn,,,RI,Benjamin Bourne,"Providence, Providence, Rhode Island",2840,1
1705,Robert,Crooke,,,RI,Robert Crook,"Newport, Newport, Rhode Island",2852,1
1716,Theodosius,Fowler,,,NY,Theodorius Fowler,"New York City East Ward, New York, New York",2875,1
1722,William,Wheaten,,,RI,William Wheaton,"Providence, Providence, Rhode Island",2883,1
1762,David,Durfee,,,RI,David Durffee,"Tiverton, Newport, Rhode Island",2952,1
1764,Samuel,White,,,RI,Samuel Wyatt,"Middletown, Newport, Rhode Island",2958,1
1769,Jeremiah,Eddy,,,RI,Jeremiah Edey,"Providence, Providence, Rhode Island",2966,1
1771,John P,Dexter,,,RI,John Dexter,"Cumberland, Providence, Rhode Island",2970,1
1772,John S,Dexter,,,RI,John Dexter,"Cumberland, Providence, Rhode Island",2970,1
1777,Thomas,Noyes,,,RI,Thomas Noyce,"Westerly, Washington, Rhode Island",2982,1
1778,Matthew,Manchester,,,RI,Mathew Manchester,"Providence, Providence, Rhode Island",2983,1
1780,Henry,Sherburne,,,RI,Henry Sherbourne,"Newport, Newport, Rhode Island",2984,1
1782,Asa,Francklin,,,RI,Asa Franklin | Ara Franklin,"Providence, Providence, Rhode Island",2986,1
1785,Hopestill,Mcneal,,,RI,Hopestill Mac Neil,"Providence, Providence, Rhode Island",2996,1
1799,Philip N,Brown,,,RI,Phillip Brown,"Newport, Newport, Rhode Island",3020,1
1830,Samuel,Wilcox,,,NY,Lemuel Wilcox | Samuel Wilson,"Balls Town, Albany, New York",3081,1
1866,Elizabeth Jane,Ravenel,,,SC,Elizabeth Ravenelle | Elizabeth Ravenell,"St Phillips and St Michaels, Charleston, South Carolina",3139,1
1885,Hugh,Irvin,,,SC,Hugh Ervine,"Prince Fredericks, Georgetown, South Carolina",3186,1
1895,Robert,Miles,,,SC,Robt Miles,"St Pauls, Charleston, South Carolina",3215,1
1897,Ann,Milner,,,SC,G Milner | John Miller,"St Phillips and St Michaels, Charleston, South Carolina",3217,1
255,Ammi R,Robbins,,,NY,Jerimiah Roblens | Joumiah Robbens,"Warrinton, York, Pennsylvania",391,0
498,Samuel,Bowerman,,,CT,Samuel Borman,"New Bedford, Bristol, Massachusetts",781,0
524,Edward,Trescot,,,GA,Edward Trescott,"St Phillips and St Michaels, Charleston, South Carolina",817,0
525,Edward,Trescot,,,PA,Edward Trescott,"St Phillips and St Michaels, Charleston, South Carolina",817,0
527,Joseph,Clay,,,GA,Joseph Clay,"Lee, Strafford, New Hampshire",818,0
533,Jeremiah,Dickenson,,,GA,Jeremiah Dickenson,"St Phillips and St Michaels, Charleston, South Carolina",832,0
535,George,Heriot,,,GA,George Heriot | George Hurd,"Prince Georges, Georgetown, South Carolina",833,0
579,Charles,Chields,,,MD,Charles Childs,"Pomfret, Windham, Connecticut",921,0
580,Charles,Shields,,,MD,Charles Shields,"Fannet, Hamilton, Letterkenney, Montgomery, and Peters, Franklin, Pennsylvania",922,0
654,Daniel Carroll Brant,Virginia,,,VA,Danl Virgin,"Concord, Rockingham, New Hampshire",1039,0
655,Daniel Carroll,Brent,,,VA,Darius Branch | Daniel Brant,"Castleton, Rutland, Vermont",1040,0
663,William,Carlin,,,VA,William Carlon| CASLON,"North Millford, Cecil, Maryland",1050,0
671,Nicholas,Low,,,MD,Nicholas (Mate) Low | Nicholas Low,"Southwark, Philadelphia, Pennsylvania",1065,0
672,Nicholas,Low,,,NY,Nicholas (Mate) Low | Nicholas Low,"Southwark, Philadelphia, Pennsylvania",1065,0
741,Richard,Caton,,,MD,Richd Keaton,"Wardsborough, Windham, Vermont",1179,0
755,Thomas,Dick,,,MD,Thomas Dick,"Chester, Delaware, Pennsylvania",1215,0
761,George,Wedge,,,MD,George Wage,"Waldoborough, Lincoln, Maine",1222,0
766,William,Whetcroft,,,MD,William Whitcraft,"Londongrove, Chester, Pennsylvania",1236,0
785,Francis,Bussier,,,NC,Francis Bressac | Francis Bussar,"Livingston, Columbia, New York",1280,0
951,Joseph,Borden,,,NJ,Joseph Borden,"Manallen, Fayette, Pennsylvania",1560,0
987,Mariamne,Williams,,,PA,Maryan Williner | Maryan Williams,"Unknown Township, St Marys, Maryland",1607,0
1008,Edward,Chinn,,,PA,Edward Chinn | Edward Chune,"Claverack, Columbia, New York",1644,0
1014,William,Broades,,,PA,William Broad | William Brook,"New York City South Ward, New York, New York",1657,0
1015,Edward,Denny,,,PA,Edward Denny,"Pawling, Dutchess, New York",1660,0
1016,Sarah,Perkins,,,PA,Sarah Perkins | Sarah Warhim,"Kittery, York, Maine",1661,0
1061,Hezekiah B,Pierpont,,,PA,Hezekiah Peirpoint,"North Haven, New Haven, Connecticut",1729,0
1076,Hannah,Dean,,,PA,Hannah Dean,"Taunton, Bristol, Massachusetts",1760,0
1078,William,Wetmore,,,PA,William Wetman | William Wetmore,"New Cornwall, Orange, New York",1769,0
1141,James,Strawbridge,,,PA,James Strowbridge,"Claremont, Cheshire, New Hampshire",1914,0
1169,Derrick De,Mott,,,NJ,Anthony D Mite | Anthony D Mitt,"Catskill, Albany, New York",1981,0
1180,Adam,Hope,,,NC,Adam Hoop| Adam Shoop | Adam Hope,"Mount Pleasant, Westmoreland, Pennsylvania",2001,0
1183,John,Oconor,,,PA,John O'Connor | John Oconnor,"St Phillips and St Michaels, Charleston, South Carolina",2006,0
1195,Tobias,Lear,,,PA,Tobias Lear,"Portsmouth, Rockingham, New Hampshire",2037,0
1199,Richard,Dowler,,,MD,Richard Dowler,"West Caln, Chester, Pennsylvania",2043,0
1204,George,Browning,,,NJ,George (Bl. Smith) Brining | George Burring,"Water Street East Side, Philadelphia, Pennsylvania",2052,0
1238,Allen,Mcclane,,,DE,Allen (Gl Man) McLane | Allen McLane,"Water Street East Side, Philadelphia, Pennsylvania",2109,0
1239,Allen,Mclane,,,DE,Allen (Gl Man) McLane | Allen McLane,"Water Street East Side, Philadelphia, Pennsylvania",2109,0
1240,Allen,Mclean,,,DE,Allen McLean | Allen McTarn,"Windsor, Hartford, Connecticut",2110,0
1264,Mary,Cash,,,PA,Mary Cash,"Marblehead, Essex, Massachusetts",2139,0
1300,Henry,Chapman,,,NY,Henry Chapman,"Water Street East Side, Philadelphia, Pennsylvania",2204,0
1336,William,Mackenzie,,,PA,Willm McKinzie,"Crown Point, Clinton, New York",2257,0
1368,Jebediah,Swan,,,NJ,Obed Swain,"Sherburn, Nantucket, Massachusetts",2323,0
1385,Agnes Ann,Davidson,,,PA,Agness Davidson,"North Millford, Cecil, Maryland",2352,0
1386,Agness Ann,Davidson,,,PA,Agness Davidson,"North Millford, Cecil, Maryland",2352,0
1598,Samuel,Atherton,,,RI,Samuel Atherton,"Attleborough, Bristol, Massachusetts",2703,0
1758,Edmund,Fowle,,,RI,Edmund Fowl,"Watertown, Middlesex, Massachusetts",2945,0
1767,Ruth,Vial,,,RI,Ruth Vial,"Rehoboth, Bristol, Massachusetts",2963,0
1773,Philip,Peckham,,,RI,Philip Peckham | Philip Perham,"Randolph, Orange, Vermont",2971,0
1776,Ebenezer,Upham,,,RI,Ebenezer Upham,"Leicester, Worcester, Massachusetts",2981,0
1781,Obadiah,Sprague,,,RI,Ebed Sprague,"Boston, Suffolk, Massachusetts",2985,0
1786,Nathaniel,Barney,,,RI,Nathaniel Barney,"Rehoboth, Bristol, Massachusetts",2997,0
1791,Sarah,Ward,,,RI,Sarah Ward,"Newton, Middlesex, Massachusetts",3009,0
1797,Dr William,Handy,,,RI,William Handy,"Granville, Hampshire, Massachusetts",3019,0
1798,William,Handy,,,RI,William Handy,"Granville, Hampshire, Massachusetts",3019,0
1852,andrew,Craigie,,,NY,Andrew Crage | Andrew Grage,"Eastern River Township 2, Hancock, Maine",3121,0
1874,John,Motley,,,NY,Johial Mottbey | John Mottley,"Litchfield, Litchfield, Connecticut",3175,0
1876,Horace,Johnson,,,NY,Israel H Johnson,"Baltimore Town, Baltimore, Maryland",3177,0
1883,Alexander,Fowler,,,NY,Alexander Fowler,"Pittsburgh, Allegheny, Pennsylvania",3184,0
1923,Joseph,Vesey,,,SC,Joseph Veasey,"St Phillips and St Michaels, Charleston, South Carolina
									
										[St Phillips and St Michaels Charleston South Carolina]",3262,1
548,James,Somervell,,Prince Georges County,MD,James Sommerville,"Baltimore Town, Baltimore, Maryland",862,0
558,John,Walkins,,Anne Arundel County,MD,John Walkins,"Baltimore Town, Baltimore, Maryland",875,0
575,Michael J,Stone,,Charles County,MD,Michel Stowe | Michel Stone,"Lynn, Northampton, Pennsylvania",913,0
576,Mitchel J,Stone,,Charles County,MD,Michel Stowe | Michel Stone,"Lynn, Northampton, Pennsylvania",913,0
586,Joshua,Owens,,Baltimore County,MD,Griffith (Watch Maker) Owen | Griffith Owen,"Water Street East Side, Philadelphia, Pennsylvania",943,0
615,Iq,Smith,,Montgomery County,MD,Yost I Smith | Yost J Smith,"Plainfield, Northampton, Pennsylvania",976,0
639,Robert,Harrison,,Dorchester County,MD,Robert Harrison,"Unknown Township, St Marys, Maryland",1019,0
686,Eliza,Caile,,Dorchester County,MD,Elizabeth Cale,"Northern Liberties, Philadelphia, Pennsylvania",1090,0
687,Elizabeth,Caile,,Dorchester County,MD,Elizabeth Cale,"Northern Liberties, Philadelphia, Pennsylvania",1090,0
698,David,Lynn,,Montgomery County,MD,David Lynn,"Baltimore Town, Baltimore, Maryland",1109,0
714,Samuel,John,,Prince Georges County,MD,Samuel John,"Fannet, Hamilton, Letterkenney, Montgomery, and Peters, Franklin, Pennsylvania",1139,0
716,Alexander Lawson,Smith,,Harford County,MD,Alexr Smith,"Chanceford, York, Pennsylvania",1141,0
722,Robert,Whitaker,,Prince Georges County,MD,Robert Whitaker,"Baltimore Town, Baltimore, Maryland",1147,0
727,William,Lodge,,Montgomery County,MD,John & Wm Lodge | John Lodge,"Kingsessing Town, Philadelphia, Pennsylvania",1159,0
763,George William,West,,Anne Arundel County,MD,William West,"Baltimore Town, Baltimore, Maryland",1230,0
934,Joseph,Boggs,,New Castle County,DE,Joseph Boggs,"Tredifferin, Chester, Pennsylvania",1532,0
1153,William Montgomery,Sterrett,,Allegheny County,PA,Willm Staret| William Starrett,"South Huntington, Westmoreland, Pennsylvania",1946,0
1162,Christian,Ruth,,Berks County,PA,Christian (Labr) Ratt | Christian Ratt,"Water Street East Side, Philadelphia, Pennsylvania",1969,0
1184,Francis,Baird,,Bucks County,PA,Francis Beard,"Mixed Township, York, Pennsylvania",2010,0
1226,David,Chambers,,Ohio County,VA,David Chambers,"Water Street East Side, Philadelphia, Pennsylvania",2088,0
1231,Robert,Collman,,Montgomery County,PA,Robert Coleman,"Elizabeth, Lancaster, Pennsylvania",2101,0
1308,andrew Mc,Farlane,,Westmoreland County,PA,Willm McFarland | Willm M Farland,"Salem, Washington, New York",2214,0
1319,William,Hendle,,Lancaster County,PA,A. (Widw) Kendall | Willm A Hendall,"Woburn, Middlesex, Massachusetts",2237,0
1358,John,Mcgarvey,,Bucks County,PA,John McGarvey,"Northern Liberties, Philadelphia, Pennsylvania",2302,0
1377,David,Huchinson,,Chester County,PA,David Hutcheson,"North Huntington, Westmoreland, Pennsylvania",2339,0
1378,David,Hutchinson,,Chester County,PA,David Hutcheson,"North Huntington, Westmoreland, Pennsylvania",2339,0
1383,Trustees Of Prebn Church Abarwick Bucks,County,,Bucks County,PA,Goale (Jail) of Ye County,"Lancaster Borough, Lancaster, Pennsylvania",2350,0
1384,Trustees Of The Presbyterian,Church,,Bucks County,PA,Ira Clancey Church | Tea Clancy Church,"Cambridge, Albany, New York",2351,0
1391,Gunning,Bedford,,New Castle County,DE,"Gunning, Esqr Bedford | Gunning Bedford","Water Street East Side, Philadelphia, Pennsylvania",2373,0
1398,Conrad,Stinger,,Berks County,PA,Conrod Stinger | Conrad Stinger,"Fannet, Hamilton, Letterkenney, Montgomery, and Peters, Franklin, Pennsylvania",2385,0
1414,Alexander,Lockhart,,Berks County,PA,Alexr Lockart,"West Nantmill, Chester, Pennsylvania",2420,0
1415,Benjamin,Mckewon,,Chester County,PA,Benjamin McKeehan | Benjamin Mc Keehan,"Hopewell, Newton, Tyborn, and Westpensboro, Cumberland, Pennsylvania",2421,0
1428,Solomon,Marks,,Westmoreland County,PA,Solomon Van Der Mark | Solomon Van Der Marter,"Marbletown, Ulster, New York",2440,0
1435,Matthew,Green,,Bucks County,PA,Revd Mrashbell Green | Revd M Ashbell Green,"Water Street East Side, Philadelphia, Pennsylvania",2450,0
1439,Christopher,Lentz,,Philadelphia County,PA,Christopher Lentz,"Springfield, Montgomery, Pennsylvania",2453,0
1446,Matthias,Ludwick,,Northumberland County,PA,Mattias Lodwich | Mattias Lodwick,"Macunge, Northampton, Pennsylvania",2474,0
1455,Peter,Vanderveer,,Somerset County,NJ,"John, and Peter Collier Vandervoort | John Vandervord","Bushwick, Kings, New York",2490,0
1834,Edward,Perry,,Clarendon County,SC,Edwd Perry | Edw Terry,"St Pauls, Charleston, South Carolina",3087,0
1872,Glen,Drayton,,Richland County,SC,Glenn Drayton,"St Andrews, Charleston, South Carolina",3173,0
9,Peleg,Sanford,Hartford,Hartford County,CT,Peleg Sanford,"Middletown, Middlesex, Connecticut",13,0
70,Elijah,Gridley,Mansfield Center,Tolland County,CT,Elijah Gridley,"Farmington, Hartford, Connecticut",115,0
71,William,Belcher,Preston,New London County,CT,William Belcher | William Beleher,"Litchfield, Litchfield, Connecticut",116,0
114,William,Joseph,Hartford,Hartford County,CT,William Roseter | William Josephs,"Guilford, New Haven, Connecticut",184,0
126,Ichabod,Warner,Bolton,Tolland County,CT,J. Ichabod Warner | J Schabod Warner,"Washington, Litchfield, Connecticut",199,0
163,Elizabeth,Brown,Newport,Newport County,RI,Elizabeth Brown,"Providence, Providence, Rhode Island",249,0
194,Nancy,Smith,New Haven,New Haven County,CT,Henry Smith | Nancy Smith,"Litchfield, Litchfield, Connecticut",313,0
207,John,Comstock,Fairfield,Fairfield County,CT,John Comstack | John Comstock | John Comstock,"New Milford, Litchfield, Connecticut",326,0
275,Abigail,Bulkley,Colchester,New London County,CT,Abigail Bulkley,"Fairfield, Fairfield, Connecticut",423,0
316,Stephen,Foot,Colchester,New London County,CT,Stephen Foot,"Hebron, Tolland, Connecticut",490,0
319,Susannah,White,Windham,Windham County,CT,Susannah White,"Scituate, Providence, Rhode Island",493,0
403,Thomas,Chester,Wethersfield,Hartford County,CT,Thomas Chester,"New London, Connecticut",625,0
416,Joseph,Hovey,Mansfield Center,Tolland County,CT,Joseph Hovey,"Mansfield, Windham, Connecticut",644,0
419,Seth,Dunham,Mansfield Center,Tolland County,CT,Seth Dunham,"Mansfield, Windham, Connecticut",647,0
436,Michael,Bull,Hartford,Hartford County,CT,Michael Bull,"Harwinton, Litchfield, Connecticut",679,0
446,Nathaniel,Cogswell,Brooklyn,Windham County,CT,Nathl Cogswell| Nathaniel Cogswell,"New London, Connecticut",690,0
451,Benjamin,Isaacs,Norwalk,Fairfield County,CT,Benjamin Isaacs,"Frederickstown, Dutchess, New York",704,0
475,Stephen,Holt,New Haven,New Haven County,CT,Stephen Holt | Stephen Hott,"New London, Connecticut",736,0
497,Zachariah,Huntington,Derby,New Haven County,CT,Zachariah Huntington,"New London, Connecticut",780,0
505,Jacob B,Gurley,Mansfield Center,Tolland County,CT,Jacob B Gurley,"Mansfield, Windham, Connecticut",789,0
514,Elias,Perkins,New London,New London County,CT,Elias Perkins,"Woodbridge, New Haven, Connecticut",802,0
545,Benjamin,Stoddert,Georgetown,Cecil County,MD,Benjn Stoddert | Richd Hodding | Benjamin Stoddert,"Montgomery, Maryland",860,0
546,Uriah,Forrest,Georgetown,Cecil County,MD,Uriah Forrest | Uriah Fouse,"Montgomery, Maryland",861
593,John,Muir,Annapolis,Anne Arundel County,MD,John Muir,"North Susquehannah, Cecil, Maryland",954
621,Richard,Owen,Annapolis,Anne Arundel County,MD,Richard Owen,"Charles, Maryland",982
632,Benjamin,Harwood,Annapolis,Anne Arundel County,MD,Benjamin Harwood,"Prince Georges, Maryland",1006
708,Jacob,Graybill,Baltimore,Baltimore County,MD,Jacob Graybill,"Frederick, Maryland",1130
762,John,Mason,Georgetown,Cecil County,MD,John Mason | John Maron,"Harford, Maryland",1223
793,John,Hogg,Hillsborough,Orange County,NC,John Hogg,"Franklin, North Carolina",1296
867,Simon,Ward,North Hampton,Rockingham County,NH,Simon Ward,"Warner, Hillsborough, New Hampshire",1418
927,John,Bleakley,Philadelphia,Philadelphia County,PA,John Bleakly | John Bleakley,"Tredifferin, Chester, Pennsylvania",1509
961,Griffith,Evans,Philadelphia,Philadelphia County,PA,Griffith Evans,"Montgomery, Pennsylvania",1570
1031,John,Armstrong,Armstrong,Lycoming County,PA,John Armstrong,"Northumberland, Pennsylvania",1679
1107,David,Lewis,Philadelphia,Philadelphia County,PA,David Lewis,"Radnor, Delaware, Pennsylvania",1839
1154,Israel,Morris,Philadelphia,Philadelphia County,PA,Israel Morris,"Bucks, Pennsylvania",1949
1302,James,Gilchrist,Philadelphia,Philadelphia County,PA,James Gelchrist| James Gilchrist,"Mixed Township, York, Pennsylvania",2206
1340,David,Caldwell,Philadelphia,Philadelphia County,PA,David Caldwell | David Coldwell,"Springfield, Delaware, Pennsylvania",2267
1342,William,Stuart,King George,King George County,VA,William Stuart,"Charles, Maryland",2275
1565,William,Battey,Warwick,Kent County,RI,William Battey | William Batley,"Jamestown, Newport, Rhode Island",2664
1629,Peleg,Brown,Middletown,Middlesex County,CT,Peleg Brown | Peter Brown,"New London, Connecticut",2752
1736,Samuel,Sampson,Providence,Providence County,RI,Samuel Sampson,"Harvard, Worcester, Massachusetts",2901
1831,Henry Collins,Flagg,Charleston,Charleston County,SC,Henry Collins Flagg | Henry Colton Flagg,"All Saints, Georgetown, South Carolina",3084
1835,Samuel,Paxton,Williamsburg,James City County,VA,Samuel Paxton,"Patapsco Lower Hundred, Baltimore, Maryland",3088
1842,James,Fisher,Charleston,Charleston County,SC,James Fisher | James Tisher,"Greenville, South Carolina",3099
1858,Joseph,Brevard,Camden,Kershaw County,SC,Joseph Brevard | Joseph Willard,"Lancaster, South Carolina",3129
1879,Henry,Bailey,Charleston,Charleston County,SC,Henry Bailey | Herry Bailey,"Union, South Carolina",3180
1881,Calvin,Spencer,Charleston,Charleston County,SC,Calvin Spencer,"St Thomas, Cheraws District, South Carolina",3182
1888,Joseph,Kershaw,Camden,Kershaw County,SC,Joseph Kershaw,"Lancaster, South Carolina",3189
1902,Thomas,Wadsworth,Charleston,Charleston County,SC,Thomas Wadsworth Esquire,"Laurens, South Carolina",3229
42,Enoch,Parsons,Middletown,Middlesex County,CT,Enoch Persons | Enoch Pinons,"Litchfield, Litchfield, Connecticut",63
86,Anne,Brooker,Stamford,Fairfield County,CT,John Brooker,"Litchfield, Litchfield, Connecticut",147
93,Robert C,Johnson,Stratford,Fairfield County,CT,Robert Johnson,"New Haven, New Haven, Connecticut",160
113,Elial,Williams,Wethersfield,Hartford County,CT,Willoby Williams | Willoly Williams,"Wallingford, New Haven, Connecticut",183
181,Mary,Judson,Danbury,Fairfield County,CT,Seth Judson | S M Juston,"Woodbury, Litchfield, Connecticut",288
196,John,Olmsted,Colchester,New London County,CT,Jehd Olmstead | John Hanstead,"East Haddam, Middlesex, Connecticut",315
197,Jane,Olmsted,East Hartford,Hartford County,CT,Jehd Olmstead | John Hanstead,"East Haddam, Middlesex, Connecticut",315
241,James,Deanes,Lebanon,Windham County,CT,James Dean,"New London, Connecticut",373
242,James,Deans,Lebanon,Windham County,CT,James Dean,"New London, Connecticut",373
340,Nathaniel,Matson,Windsor,Hartford County,CT,Nathn Mathson | Nathn Matson,"Pomfret, Windham, Connecticut",531
347,Mary,Torrey,Lebanon,Windham County,CT,Mary Terry | Mary Jerry,"Southold, Suffolk, New York",538
360,Matthew,Lee,Farmington,Hartford County,CT,John M Lee,"New London, Connecticut",551
381,Leah,Fellows,Woodstock,Windham County,CT,Lois Fellows,"Litchfield, Litchfield, Connecticut",583
445,Nathan,Cogswell,Brooklyn,Windham County,CT,Nathl Cogswell| Nathaniel Cogswell,"New London, Connecticut",690
459,Samuel,Beamont,Lebanon,Windham County,CT,Samuel Beaumont,"Saybrook, Middlesex, Connecticut",715
506,Abner,andruss,Wallingford,New Haven County,CT,Abner Andrus,"Granby, Hartford, Connecticut",790
511,Aaron,Forbes,New Haven,New Haven County,CT,Aaron Forbs,"East Hartford, Hartford, Connecticut",797
602,John,Threlkeld,Georgetown,Cecil County,MD,Jane Threlkild| Jane Threlkeld | Jane Orme Threlkild,"Montgomery, Maryland",964
622,Richard,Owens,Annapolis,Anne Arundel County,MD,Richard Owen,"Charles, Maryland",982
641,John,Mcclellan,Baltimore,Baltimore County,MD,John McClelan,"Unknown Township, St Marys, Maryland",1021
653,Charles,Beatty,Georgetown,Cecil County,MD,Charles Betty,"Montgomery, Maryland",1038
692,John,Callahan,Annapolis,Anne Arundel County,MD,John Callehan,"Prince Georges, Maryland",1098
693,John,Callhan,Annapolis,Anne Arundel County,MD,John Callehan,"Prince Georges, Maryland",1098
700,James,Brice,Annapolis,Anne Arundel County,MD,James Brue | Thomas Brice,"Queen Annes, Maryland",1110
701,William,Wilkins,Annapolis,Anne Arundel County,MD,Wm Walkins,"Patapsco Lower Hundred, Baltimore, Maryland",1116
707,Jacob,Graybell,Baltimore,Baltimore County,MD,Jacob Graybill,"Frederick, Maryland",1130
756,Daniel,Delozier,Baltimore,Baltimore County,MD,Daniel Delosier,"Frederick, Maryland",1216
774,George,Pickett,Richmond,Chesterfield County,VA,George Picket| George Pigott,"Bedford, Pennsylvania",1242
790,Betty,Wright,New Bern,Craven County,NC,Elizabeth Wright,"Onslow, North Carolina",1293
850,Israel,Evans,Concord,Grafton County,NH,Charles J Evans | Charles I Evans,"Brooklyn, Kings, New York",1383
866,Timothy,Wathers,Concord,Grafton County,NH,Timothy Waters,"Hartland, Windsor, Vermont",1417
868,Daniel,Marsh,Stoughton,Norfolk County,MA,Daniel March,"Sutton, Worcester, Massachusetts",1419
917,Abigail,Ash,Philadelphia,Philadelphia County,PA,Abigal Ash,"Darby, Delaware, Pennsylvania",1496
967,Robert,McCrea,Alexandria,Fairfax County,VA,Robert McRee,"Mecklenburg, North Carolina",1580
968,Robert,Mease,Alexandria,Fairfax County,VA,Robert Maise | Robert Marse | Mayes,"Orangeburg, South Carolina",1581
1042,Dorethea,Losh,New Germantown,Perry County,PA,Dorrithy Losh,"Germantown, Philadelphia, Pennsylvania",1699
1043,Dorothea,Losh,New Germantown,Perry County,PA,Dorrithy Losh,"Germantown, Philadelphia, Pennsylvania",1699
1056,andrew,Porter,Philadelphia,Philadelphia County,PA,Andw Porter| Andrew Porter,"Montgomery, Pennsylvania",1725
1096,Mary,Correy,Philadelphia,Philadelphia County,PA,Mary Carey,"Franklin, Pennsylvania",1806
1114,Peter,Wikoff,Philadelphia,Philadelphia County,PA,Peter Wycoffe| Peter Wyckoff,"Northumberland, Pennsylvania",1852
1137,Philip,Rothrock,York Township,York County,PA,Philip Roderock | Philip Rodecock,"Washington, Maryland",1908
1155,Margaret,Robnison,Philadelphia,Philadelphia County,PA,Margret Robinson| Martha Robinson,"Unity, Westmoreland, Pennsylvania",1951
1168,Abraham,Witt,Philadelphia,Philadelphia County,PA,Abraham White,"Georges, Fayette, Pennsylvania",1980
1214,George,Weedon,Fredericksburg,Spotsylvania County,VA,George Weeden,"Providence, Providence, Rhode Island",2061
1217,Anna,Cunningham,Philadelphia,Philadelphia County,PA,John Cuningham,"Marple, Delaware, Pennsylvania",2070
1219,Thomas,Francis,Philadelphia,Philadelphia County,PA,Thomas Frances | Thomas Francess,"Radnor, Delaware, Pennsylvania",2075
1247,Pontius D,Stelle,Trenton,Hunterdon County,NJ,George Stale | George State | George D Stahle Steele,"German Flatts, Montgomery, New York",2116
1261,William,Stein,Philadelphia,Philadelphia County,PA,William Steen | William Stern,"Hopewell, Newton, Tyborn, and Westpensboro, Cumberland, Pennsylvania",2133
1262,Williams,Stein,Philadelphia,Philadelphia County,PA,William Steen | William Stern,"Hopewell, Newton, Tyborn, and Westpensboro, Cumberland, Pennsylvania",2133
1277,Henry,Huttleston,Lancaster,Lancaster County,PA,Henry Hudleston | Henry Huddleston | Henry Huddleston,"Bucks, Pennsylvania",2151
1282,Susannah,Shepard,Philadelphia,Philadelphia County,PA,S Shirer | S Shiper,"Hellam, York, Pennsylvania",2158
1283,Charles,Bensell,New Germantown,Perry County,PA,Charles Bensyl,"Germantown, Philadelphia, Pennsylvania",2166
1285,William,Garrett,Philadelphia,Philadelphia County,PA,Wm Jarrett | Wm Garrett,"Montgomery, Pennsylvania",2172
1330,Jacob Lawer,Swyler,Philadelphia,Philadelphia County,PA,Jacob Seller,"Bucks, Pennsylvania",2253
1347,James,Lyle,Philadelphia,Philadelphia County,PA,James Lysle,"Huntingdon, Pennsylvania",2280
1373,Joseph Le,Blane,Philadelphia,Philadelphia County,PA,Joseph Blane,"Hopewell, Newton, Tyborn, and Westpensboro, Cumberland, Pennsylvania",2332
1382,James,O'Hara,Pittsburgh,Allegheny County,PA,James Hare | James Hara,"Sadsbury, Chester, Pennsylvania",2346
1416,George,Booth,Philadelphia,Philadelphia County,PA,George Botts | George Both,"German, Fayette, Pennsylvania",2422
1420,William,Lynch,Philadelphia,Philadelphia County,PA,George M Lynch | George W Lynch,"Dauphin, Pennsylvania",2428
1434,James Gordon,Heron,Pittsburgh,Allegheny County,PA,James Herron | John Herron,"Armstrong, Westmoreland, Pennsylvania",2449
1447,Thomas,Biddle,Philadelphia,Philadelphia County,PA,Thos Biddle,"Montgomery, Pennsylvania",2477
1478,Sarah,Bradfeid,Northampton,Hampshire County,MA,Sarah Bradford,"Kingston, Plymouth, Massachusetts",2532
1486,Thomas,Casey,East Greenwich,Kent County,RI,Thomas Case,"Exeter, Washington, Rhode Island",2556
1524,Zephaniah,andrews,Providence,Providence County,RI,Zepheniah Andrews,"Raynham, Bristol, Massachusetts",2600
1635,Martha,Robinson,Attleboro,Bristol County,MA,Thomas R Robinson | Thomas M Robinson,"Newport, Newport, Rhode Island",2757,0
1714,Robert,Cooke,Newport,Newport County,RI,Robert Cook,"Coventry, Kent, Rhode Island",2868
1775,Daniel,Tefft,Providence,Providence County,RI,Daniel Taft | Daniel Gott,"Mendon, Worcester, Massachusetts",2978,0
1804,Williams,Thayer,Charleston,Charleston County,SC,William Teague | Philipson Tayer,"Laurens, South Carolina",3041,0
1824,John,Chesnut,Camden,Kershaw County,SC,Jno Chestnut | Jno Chesnut,"Lancaster, South Carolina",3066,0
1846,John,Harbach,Boston,Suffolk County,MA,John Harback,"Sutton, Worcester, Massachusetts",3107,0
1890,Nathan,Glen,Philadelphia,Philadelphia County,PA,Nathan Gullen,"Coventry, Chester, Pennsylvania",3191,0
