,0
"Brookfield, Fairfield, Connecticut, USA ",189
"Danbury, Fairfield, Connecticut, USA ",563
"Fairfield, Fairfield, Connecticut, USA ",707
"Greenwich, Fairfield, Connecticut, USA ",321
"Huntington, Fairfield, Connecticut, USA ",476
"New Fairfield, Fairfield, Connecticut, USA ",277
"Newtown, Fairfield, Connecticut, USA ",446
"Norwalk and Stamford, Fairfield, Connecticut, USA ",1840
"Reading, Fairfield, Connecticut, USA ",264
"Ridgefield, Fairfield, Connecticut, USA ",352
"Stamford, Fairfield, Connecticut, USA ",1840
"Stratford, Fairfield, Connecticut, USA ",548
"Weston, Fairfield, Connecticut, USA ",437
"Berlin, Hartford, Connecticut, USA ",ER
"Bristol, Hartford, Connecticut, USA ",441
"East Hartford, Hartford, Connecticut, USA ",473
"East Windsor, Hartford, Connecticut, USA ",481
"Enfield, Hartford, Connecticut, USA ",318
"Farmington, Hartford, Connecticut, USA ",443
"Glastonbury, Hartford, Connecticut, USA ",468
"Granby, Hartford, Connecticut, USA ",ER
"Hartford, Hartford, Connecticut, USA ",666
"Simsbury, Hartford, Connecticut, USA ",424
"Southington, Hartford, Connecticut, USA ",389
"Suffield, Hartford, Connecticut, USA ",407
"Wethersfield, Hartford, Connecticut, USA ",685
"Windsor, Hartford, Connecticut, USA ",456
"Bethlem, Litchfield, Connecticut, USA ",179
"Cornwall, Litchfield, Connecticut, USA ",256
"Harwinton, Litchfield, Connecticut, USA ",230
"Kent, Litchfield, Connecticut, USA ",215
"Litchfield, Litchfield, Connecticut, USA ",3368
"New Milford, Litchfield, Connecticut, USA ",555
"Southbury, Litchfield, Connecticut, USA ",309
"Warren, Litchfield, Connecticut, USA ",147
"Washington, Litchfield, Connecticut, USA ",268
"Watertown, Litchfield, Connecticut, USA ",577
"Woodbury, Litchfield, Connecticut, USA ",478
"Chatham, Middlesex, Connecticut, USA ",565
"East Haddam, Middlesex, Connecticut, USA ",472
"Haddam, Middlesex, Connecticut, USA ",358
"Killingworth, Middlesex, Connecticut, USA ",390
"Middletown, Middlesex, Connecticut, USA ",943
"Saybrook, Middlesex, Connecticut, USA ",NR
"Branford, New Haven, Connecticut, USA ",40970
"Cheshire, New Haven, Connecticut, USA ",445
"Derby, New Haven, Connecticut, USA ",562
"Durham, New Haven, Connecticut, USA ",209
"East Haven, New Haven, Connecticut, USA ",169
"Guilford, New Haven, Connecticut, USA ",731
"Hamden, New Haven, Connecticut, USA ",291
"Milford, New Haven, Connecticut, USA ",446
"New Haven, New Haven, Connecticut, USA ",919
"North Haven, New Haven, Connecticut, USA ",238
"Wallingford, New Haven, Connecticut, USA ",656
"Waterbury, New Haven, Connecticut, USA ",553
"Woodbridge, New Haven, Connecticut, USA ",421
"Bolton, Tolland, Connecticut, USA ",228
"Coventry, Tolland, Connecticut, USA ",336
"Ellington, Tolland, Connecticut, USA ",172
"Hebron, Tolland, Connecticut, USA ",345
"Somers, Tolland, Connecticut, USA ",NR
"Stafford, Tolland, Connecticut, USA ",315
"Tolland, Tolland, Connecticut, USA ",NR
"Union, Tolland, Connecticut, USA ",NR
"Willington, Tolland, Connecticut, USA ",208
"Ashford, Windham, Connecticut, USA ",393
"Brooklyne, Windham, Connecticut, USA ",ER
"Canterbury, Windham, Connecticut, USA ",288
"Hampton, Windham, Connecticut, USA ",201
"Killingley, Windham, Connecticut, USA ",326
"Lebanon, Windham, Connecticut, USA ",574
"Mansfield, Windham, Connecticut, USA ",393
"Plainfield, Windham, Connecticut, USA ",239
"Pomfret, Windham, Connecticut, USA ",246
"Rames, Windham, Connecticut, USA ",NR
"Thompson, Windham, Connecticut, USA ",352
"Voluntown, Windham, Connecticut, USA ",292
"Windham, Windham, Connecticut, USA ",414
"Woodstock, Windham, Connecticut, USA ",331
"Bakerstown Plantation, Cumberland, Maine, USA ",ER
"Bridgetown, Cumberland, Maine, USA ",60
"Brunswick, Cumberland, Maine, USA ",196
"Bucktown Plantation, Cumberland, Maine, USA ",82
"Butterfield Plantation, Cumberland, Maine, USA ",35
"Cape Elizabeth, Cumberland, Maine, USA ",231
"Durham, Cumberland, Maine, USA ",117
"Falmouth, Cumberland, Maine, USA ",446
"Flintstown Plantation, Cumberland, Maine, USA ",38
"Freeport, Cumberland, Maine, USA ",238
"Gorham and Scarborough, Cumberland, Maine, USA ",788
"Gray, Cumberland, Maine, USA ",89
"Harpswell, Cumberland, Maine, USA ",177
"Little Falls, Cumberland, Maine, USA ",117
"New Gloucester, Cumberland, Maine, USA ",208
"North Yarmouth, Cumberland, Maine, USA ",307
"Number 4 Plantation, Cumberland, Maine, USA ",77
"Otisfield Plantation, Cumberland, Maine, USA ",32
"Portland, Cumberland, Maine, USA ",366
"Raffield Gore, Cumberland, Maine, USA ",20
"Raymond Towns, Cumberland, Maine, USA ",52
"Shepardsfield, Cumberland, Maine, USA ",93
"Standish, Cumberland, Maine, USA ",122
"Turner, Cumberland, Maine, USA ",57
"Waterford Plantation, Cumberland, Maine, USA ",36
"Windham, Cumberland, Maine, USA ",152
"Alias Bucks Township 1, Hancock, Maine, USA ",104
"Bakerstown Plantation, Hancock, Maine, USA ",NR
"Barrettstown, Hancock, Maine, USA ",53
"Belfast, Hancock, Maine, USA ",43
"Bluehill, Hancock, Maine, USA ",55
"Camden, Hancock, Maine, USA ",69
"Canaan, Hancock, Maine, USA ",27
"Condas Keeg Plantation, Hancock, Maine, USA ",102
"Deer Isle, Hancock, Maine, USA ",129
"Ducktrap, Hancock, Maine, USA ",54
"Eastern River Township 2, Hancock, Maine, USA ",54
"Eddy, Hancock, Maine, USA ",20
"Frankfort, Hancock, Maine, USA ",168
"Gouldsborough, Hancock, Maine, USA ",45
"Isleborough, Hancock, Maine, USA ",68
"Mount Desert, Hancock, Maine, USA ",131
"Orphan Island, Hancock, Maine, USA ",26
"Orrington, Hancock, Maine, USA ",102
"Penofscot, Hancock, Maine, USA ",190
"Sedgewick, Hancock, Maine, USA ",100
"Small Islands Not Belonging To Any Town, Hancock, Maine, USA ",18
"Sullivan, Hancock, Maine, USA ",91
"Township 6, Hancock, Maine, USA ",46
"Trenton, Hancock, Maine, USA ",54
"Vinalhaven, Hancock, Maine, USA ",106
"Ball Town, Lincoln, Maine, USA ",156
"Bath, Lincoln, Maine, USA ",141
"Boothbay, Lincoln, Maine, USA ",164
"Bowdoin, Lincoln, Maine, USA ",203
"Bowdoinham, Lincoln, Maine, USA ",73
"Bristol, Lincoln, Maine, USA ",75
"Canaan, Lincoln, Maine, USA ",81
"Carratunk, Lincoln, Maine, USA ",25
"Cass Plantation Or Unity, Lincoln, Maine, USA ",27
"Chester, Lincoln, Maine, USA ",15
"Cushing, Lincoln, Maine, USA ",160
"Edgecomb, Lincoln, Maine, USA ",133
"Fairfield, Lincoln, Maine, USA ",98
"Georgetown, Lincoln, Maine, USA ",206
"Great Pond Plantation, Lincoln, Maine, USA ",30
"Greene, Lincoln, Maine, USA ",190
"Hallowell, Lincoln, Maine, USA ",185
"Hancock, Lincoln, Maine, USA ",60
"Jones Plantation, Lincoln, Maine, USA ",40
"Lewiston, Lincoln, Maine, USA ",101
"Little River, Lincoln, Maine, USA ",13
"Livermore, Lincoln, Maine, USA ",11
"Meduncook, Lincoln, Maine, USA ",49
"New Castle, Lincoln, Maine, USA ",131
"New Sandwich, Lincoln, Maine, USA ",81
"Nobleborough, Lincoln, Maine, USA ",427
"Norridgewock, Lincoln, Maine, USA ",94
"Pittston, Lincoln, Maine, USA ",114
"Pownalborough, Lincoln, Maine, USA ",331
"Prescott and Whitehouse Plantation, Lincoln, Maine, USA ",13
"Rockmeeko, Lincoln, Maine, USA ",27
"Sandy River From Mouth To Cass Plantation, Lincoln, Maine, USA ",67
"Sandy River, First Twp, Lincoln, Maine, USA ",98
"Sandy River, Middle Twp, Lincoln, Maine, USA ",14
"Sandy River, Upper Twp, Lincoln, Maine, USA ",10
"Seven Mile Brook, Lincoln, Maine, USA ",40
"Smithtown Plantation, Lincoln, Maine, USA ",105
"Starling Plantation, Lincoln, Maine, USA ",54
"Thomaston, Lincoln, Maine, USA ",140
"Titeums, Lincoln, Maine, USA ",29
"Topsham, Lincoln, Maine, USA ",118
"Twenty-Five Mile Pond, Lincoln, Maine, USA ",30
"Union, Lincoln, Maine, USA ",42
"Vassalborough, Lincoln, Maine, USA ",203
"Waldoborough, Lincoln, Maine, USA ",225
"Wales Plantation, Lincoln, Maine, USA ",256
"Warren, Lincoln, Maine, USA ",106
"Washington Plantation, Lincoln, Maine, USA ",157
"Winslow, Lincoln, Maine, USA ",169
"Winthrop, Lincoln, Maine, USA ",248
"Woolwich, Lincoln, Maine, USA ",155
"Bucks Harbor Neck, Washington, Maine, USA ",12
"MacHias, Washington, Maine, USA ",NR
"Township East of MacHias, Washington, Maine, USA ",385
"Township West of MacHias, Washington, Maine, USA ",385
"Arundel, York, Maine, USA ",259
"Berwick, York, Maine, USA ",663
"Brownfield, York, Maine, USA ",31
"Buddeford, York, Maine, USA ",169
"Buxton, York, Maine, USA ",238
"Coxhall, York, Maine, USA ",134
"Framesborough, York, Maine, USA ",76
"Fryeburg, York, Maine, USA ",89
"Hiram, York, Maine, USA ",19
"Kittery, York, Maine, USA ",870
"Lebanon, York, Maine, USA ",224
"Limerick, York, Maine, USA ",71
"Little Ossipee, York, Maine, USA ",120
"New Pennicock, York, Maine, USA ",25
"Nobleborough, York, Maine, USA ",NR
"Parsonsfield, York, Maine, USA ",ER
"Pepperell Gore, York, Maine, USA ",297
"Porterfield, York, Maine, USA ",17
"Sadbury Canada, York, Maine, USA ",60
"Sanford, York, Maine, USA ",316
"Settlements Adj Sadbury, York, Maine, USA ",13
"Shapleigh, York, Maine, USA ",227
"Suncook, York, Maine, USA ",17
"Washington Plantation, York, Maine, USA ",58
"Waterboro, York, Maine, USA ",174
"Waterford, York, Maine, USA ",32
"Wells, York, Maine, USA ",504
"York, York, Maine, USA ",505
"Back River Upper Hundred, Baltimore, Maryland, USA ",ER
"Baltimore, Baltimore, Maryland, USA ",NR
"Baltimore Town, Baltimore, Maryland, USA ",NR
"Misc Run Hundred, Baltimore, Maryland, USA ",NR
"Patapsco Lower Hundred, Baltimore, Maryland, USA ",NR
"Two Delaware Hundreds, Baltimore, Maryland, USA ",NR
"Back Creek, Cecil, Maryland, USA ",110
"Bohemia Hundred, Cecil, Maryland, USA ",85
"Bohemia Manor, Cecil, Maryland, USA ",103
"Charles Town, Cecil, Maryland, USA ",59
"East Nottingham, Cecil, Maryland, USA ",141
"Elk Neck, Cecil, Maryland, USA ",167
"Middleneck Hundred, Cecil, Maryland, USA ",20
"North Millford, Cecil, Maryland, USA ",401
"North Sassafrass Hundred, Cecil, Maryland, USA ",ER
"North Susquehannah, Cecil, Maryland, USA ",155
"Octorara Hundred, Cecil, Maryland, USA ",191
"South Millford, Cecil, Maryland, USA ",401
"South Susquehannah Hundred, Cecil, Maryland, USA ",174
"West Nottingham Hundred, Cecil, Maryland, USA ",133
"West Sassafras Hundred, Cecil, Maryland, USA ",100
"Unknown Township, St Marys, Maryland, USA ",1550
"Back River Upper Hundred, Talbot, Maryland, USA ",NR
"Barnstable, Barnstable, Massachusetts, USA ",486
"Chatham, Barnstable, Massachusetts, USA ",197
"Eastham, Barnstable, Massachusetts, USA ",314
"Falmouth, Barnstable, Massachusetts, USA ",261
"Harwich, Barnstable, Massachusetts, USA ",422
"Plantation, Barnstable, Massachusetts, USA ",NR
"Provincetown, Barnstable, Massachusetts, USA ",97
"Sandwich, Barnstable, Massachusetts, USA ",327
"Truro, Barnstable, Massachusetts, USA ",223
"Wellfleet, Barnstable, Massachusetts, USA ",212
"Yarmouth, Barnstable, Massachusetts, USA ",455
"Adams, Berkshire, Massachusetts, USA ",404
"Alford, Berkshire, Massachusetts, USA ",98
"Becket, Berkshire, Massachusetts, USA ",127
"Bethlehem, Berkshire, Massachusetts, USA ",48
"Dalton, Berkshire, Massachusetts, USA ",94
"Egremont, Berkshire, Massachusetts, USA ",122
"Great Barrington, Berkshire, Massachusetts, USA ",221
"Hancock, Berkshire, Massachusetts, USA ",190
"Lanesborough, Berkshire, Massachusetts, USA ",346
"Lee, Berkshire, Massachusetts, USA ",203
"Lenox, Berkshire, Massachusetts, USA ",182
"Loudon, Berkshire, Massachusetts, USA ",62
"Mount Washington, Berkshire, Massachusetts, USA ",55
"New Ashford, Berkshire, Massachusetts, USA ",80
"New Marlborough, Berkshire, Massachusetts, USA ",253
"Partridgefield, Berkshire, Massachusetts, USA ",172
"Pittsfield, Berkshire, Massachusetts, USA ",312
"Richmond, Berkshire, Massachusetts, USA ",176
"Sandisfield, Berkshire, Massachusetts, USA ",285
"Sheffield, Berkshire, Massachusetts, USA ",317
"Stockbridge, Berkshire, Massachusetts, USA ",198
"Tyringham, Berkshire, Massachusetts, USA ",237
"Washington, Berkshire, Massachusetts, USA ",98
"West Stockbridge, Berkshire, Massachusetts, USA ",180
"Williamstown, Berkshire, Massachusetts, USA ",280
"Windsor, Berkshire, Massachusetts, USA ",151
"Attleborough, Bristol, Massachusetts, USA ",384
"Berkley, Bristol, Massachusetts, USA ",139
"Dartmouth, Bristol, Massachusetts, USA ",448
"Dighton, Bristol, Massachusetts, USA ",285
"Easton, Bristol, Massachusetts, USA ",261
"Freetown, Bristol, Massachusetts, USA ",364
"Mansfield, Bristol, Massachusetts, USA ",200
"New Bedford, Bristol, Massachusetts, USA ",563
"Norton, Bristol, Massachusetts, USA ",246
"Raynham, Bristol, Massachusetts, USA ",197
"Rehoboth, Bristol, Massachusetts, USA ",832
"Somerset, Bristol, Massachusetts, USA ",189
"Swanzey, Bristol, Massachusetts, USA ",329
"Taunton, Bristol, Massachusetts, USA ",661
"Westport, Bristol, Massachusetts, USA ",452
"Chilmark, Dukes, Massachusetts, USA ",133
"Edgarton, Dukes, Massachusetts, USA ",222
"Tisbury, Dukes, Massachusetts, USA ",204
"Almsbury, Essex, Massachusetts, USA ",350
"Andover, Essex, Massachusetts, USA ",ER
"Beverly, Essex, Massachusetts, USA ",633
"Boxford, Essex, Massachusetts, USA ",164
"Bradford, Essex, Massachusetts, USA ",253
"Danvers, Essex, Massachusetts, USA ",461
"Gloucester, Essex, Massachusetts, USA ",1007
"Haverhill, Essex, Massachusetts, USA ",434
"Ipswich, Essex, Massachusetts, USA ",881
"Lanesboro, Essex, Massachusetts, USA ",NR
"Lynn, Essex, Massachusetts, USA ",ER
"Lynnfield, Essex, Massachusetts, USA ",80
"Manchester, Essex, Massachusetts, USA ",NR
"Marblehead, Essex, Massachusetts, USA ",1287
"Methuen, Essex, Massachusetts, USA ",221
"Middleton, Essex, Massachusetts, USA ",119
"Newbury, Essex, Massachusetts, USA ",723
"Newburyport, Essex, Massachusetts, USA ",940
"Rowley, Essex, Massachusetts, USA ",328
"Salem, Essex, Massachusetts, USA ",1491
"Salisbury, Essex, Massachusetts, USA ",325
"Topsfield, Essex, Massachusetts, USA ",150
"Wenham, Essex, Massachusetts, USA ",93
"Amherst, Hampshire, Massachusetts, USA ",183
"Ashfield, Hampshire, Massachusetts, USA ",261
"Belchertown, Hampshire, Massachusetts, USA ",240
"Bernardston, Hampshire, Massachusetts, USA ",108
"Blandford, Hampshire, Massachusetts, USA ",239
"Brimfield, Hampshire, Massachusetts, USA ",277
"Buckland, Hampshire, Massachusetts, USA ",124
"Charlemont, Hampshire, Massachusetts, USA ",110
"Chester, Hampshire, Massachusetts, USA ",187
"Chesterfield, Hampshire, Massachusetts, USA ",190
"Colrain, Hampshire, Massachusetts, USA ",237
"Conway, Hampshire, Massachusetts, USA ",321
"Cummington, Hampshire, Massachusetts, USA ",148
"Deerfield, Hampshire, Massachusetts, USA ",192
"Easthampton, Hampshire, Massachusetts, USA ",77
"Goshen, Hampshire, Massachusetts, USA ",103
"Granby, Hampshire, Massachusetts, USA ",100
"Granville, Hampshire, Massachusetts, USA ",334
"Greenfield, Hampshire, Massachusetts, USA ",239
"Greenwich, Hampshire, Massachusetts, USA ",173
"Hadley, Hampshire, Massachusetts, USA ",143
"Hatfield, Hampshire, Massachusetts, USA ",110
"Heath, Hampshire, Massachusetts, USA ",58
"Holland, Hampshire, Massachusetts, USA ",66
"Leverett, Hampshire, Massachusetts, USA ",87
"Leyden, Hampshire, Massachusetts, USA ",155
"Longmeadow, Hampshire, Massachusetts, USA ",126
"Ludlow, Hampshire, Massachusetts, USA ",94
"Middlefield, Hampshire, Massachusetts, USA ",101
"Montague, Hampshire, Massachusetts, USA ",154
"Montgomery, Hampshire, Massachusetts, USA ",74
"New Salem, Hampshire, Massachusetts, USA ",262
"Northampton, Hampshire, Massachusetts, USA ",NR
"Northfield, Hampshire, Massachusetts, USA ",122
"Norwich, Hampshire, Massachusetts, USA ",129
"Orange, Hampshire, Massachusetts, USA ",122
"Palmer, Hampshire, Massachusetts, USA ",125
"Pelham, Hampshire, Massachusetts, USA ",159
"Plainfield, Hampshire, Massachusetts, USA ",85
"Plantation 7, Hampshire, Massachusetts, USA ",90
"Rochester, Hampshire, Massachusetts, USA ",118
"Rowe, Hampshire, Massachusetts, USA ",79
"Shelburne, Hampshire, Massachusetts, USA ",ER
"Shutesbury, Hampshire, Massachusetts, USA ",117
"South Brimfield, Hampshire, Massachusetts, USA ",277
"South Hadley, Hampshire, Massachusetts, USA ",118
"Southampton, Hampshire, Massachusetts, USA ",135
"Southwick, Hampshire, Massachusetts, USA ",148
"Springfield, Hampshire, Massachusetts, USA ",650
"Sunderland, Hampshire, Massachusetts, USA ",74
"Ware, Hampshire, Massachusetts, USA ",118
"Warwick, Hampshire, Massachusetts, USA ",179
"Wendell, Hampshire, Massachusetts, USA ",80
"West Springfield, Hampshire, Massachusetts, USA ",650
"Westfield, Hampshire, Massachusetts, USA ",349
"Westhampton, Hampshire, Massachusetts, USA ",102
"Whately, Hampshire, Massachusetts, USA ",130
"Wilbraham, Hampshire, Massachusetts, USA ",231
"Williamsburgh, Hampshire, Massachusetts, USA ",173
"Worthington, Hampshire, Massachusetts, USA ",188
"Acton, Middlesex, Massachusetts, USA ",140
"Ashby, Middlesex, Massachusetts, USA ",122
"Bedford, Middlesex, Massachusetts, USA ",94
"Billerica, Middlesex, Massachusetts, USA ",223
"Boxborough, Middlesex, Massachusetts, USA ",67
"Cambridge, Middlesex, Massachusetts, USA ",372
"Carlisle, Middlesex, Massachusetts, USA ",101
"Charlestown, Middlesex, Massachusetts, USA ",313
"Chelmsford, Middlesex, Massachusetts, USA ",219
"Concord, Middlesex, Massachusetts, USA ",298
"Dracut, Middlesex, Massachusetts, USA ",189
"Dunstable, Middlesex, Massachusetts, USA ",67
"East Sudbury, Middlesex, Massachusetts, USA ",384
"Framingham, Middlesex, Massachusetts, USA ",292
"Groton, Middlesex, Massachusetts, USA ",ER
"Holliston, Middlesex, Massachusetts, USA ",150
"Hopkinton, Middlesex, Massachusetts, USA ",221
"Lexington, Middlesex, Massachusetts, USA ",175
"Lincoln, Middlesex, Massachusetts, USA ",129
"Littleton, Middlesex, Massachusetts, USA ",158
"Malden, Middlesex, Massachusetts, USA ",196
"Marlborough, Middlesex, Massachusetts, USA ",346
"Medford, Middlesex, Massachusetts, USA ",189
"Natick, Middlesex, Massachusetts, USA ",113
"Newton, Middlesex, Massachusetts, USA ",239
"Pepperell, Middlesex, Massachusetts, USA ",208
"Reading, Middlesex, Massachusetts, USA ",353
"Sherburn, Middlesex, Massachusetts, USA ",150
"Shirley, Middlesex, Massachusetts, USA ",115
"Stoneham, Middlesex, Massachusetts, USA ",74
"Stow, Middlesex, Massachusetts, USA ",145
"Sudbury, Middlesex, Massachusetts, USA ",384
"Tewksbury, Middlesex, Massachusetts, USA ",163
"Townsend, Middlesex, Massachusetts, USA ",185
"Tyngsborough, Middlesex, Massachusetts, USA ",67
"Waltham, Middlesex, Massachusetts, USA ",144
"Watertown, Middlesex, Massachusetts, USA ",167
"Westford, Middlesex, Massachusetts, USA ",226
"Weston, Middlesex, Massachusetts, USA ",173
"Wilmington, Middlesex, Massachusetts, USA ",136
"Woburn, Middlesex, Massachusetts, USA ",349
"Sherburn, Nantucket, Massachusetts, USA ",872
"Abington, Plymouth, Massachusetts, USA ",NR
"Bridgewater, Plymouth, Massachusetts, USA ",829
"Carver, Plymouth, Massachusetts, USA ",150
"Duxborough, Plymouth, Massachusetts, USA ",271
"Halifax, Plymouth, Massachusetts, USA ",114
"Hanover, Plymouth, Massachusetts, USA ",184
"Kingston, Plymouth, Massachusetts, USA ",ER
"Marshfield, Plymouth, Massachusetts, USA ",226
"Middleborough, Plymouth, Massachusetts, USA ",804
"Pembroke, Plymouth, Massachusetts, USA ",340
"Plymouth, Plymouth, Massachusetts, USA ",578
"Plymton, Plymouth, Massachusetts, USA ",163
"Rochester, Plymouth, Massachusetts, USA ",327
"Scituate, Plymouth, Massachusetts, USA ",521
"Wareham, Plymouth, Massachusetts, USA ",135
"Bellingham, Suffolk, Massachusetts, USA ",121
"Boston, Suffolk, Massachusetts, USA ",3358
"Braintree, Suffolk, Massachusetts, USA ",488
"Brookline, Suffolk, Massachusetts, USA ",68
"Chelsea, Suffolk, Massachusetts, USA ",81
"Cohasset, Suffolk, Massachusetts, USA ",159
"Dedham, Suffolk, Massachusetts, USA ",288
"Dorchester, Suffolk, Massachusetts, USA ",311
"Dover, Suffolk, Massachusetts, USA ",90
"Foxborough, Suffolk, Massachusetts, USA ",118
"Franklin, Suffolk, Massachusetts, USA ",186
"Harwich, Suffolk, Massachusetts, USA ",2
"Hingham, Suffolk, Massachusetts, USA ",411
"Hull, Suffolk, Massachusetts, USA ",24
"Islands In Boston Harbor, Suffolk, Massachusetts, USA ",17
"Medfield, Suffolk, Massachusetts, USA ",129
"Medway, Suffolk, Massachusetts, USA ",187
"Milton, Suffolk, Massachusetts, USA ",184
"Needham, Suffolk, Massachusetts, USA ",208
"Roxbury, Suffolk, Massachusetts, USA ",353
"Sharon, Suffolk, Massachusetts, USA ",189
"Stoughton, Suffolk, Massachusetts, USA ",356
"Walpole, Suffolk, Massachusetts, USA ",175
"Weymouth, Suffolk, Massachusetts, USA ",278
"Wrentham, Suffolk, Massachusetts, USA ",278
"Ashburnham, Worcester, Massachusetts, USA ",164
"Athol, Worcester, Massachusetts, USA ",142
"Barre, Worcester, Massachusetts, USA ",264
"Batin, Worcester, Massachusetts, USA ",NR
"Berlin, Worcester, Massachusetts, USA ",94
"Bolton, Worcester, Massachusetts, USA ",151
"Boylston, Worcester, Massachusetts, USA ",129
"Brookfield, Worcester, Massachusetts, USA ",520
"Charlton, Worcester, Massachusetts, USA ",NR
"Douglas, Worcester, Massachusetts, USA ",201
"Dudley, Worcester, Massachusetts, USA ",187
"Fitchburgh, Worcester, Massachusetts, USA ",185
"Gardner, Worcester, Massachusetts, USA ",90
"Gerry, Worcester, Massachusetts, USA ",111
"Grafton, Worcester, Massachusetts, USA ",136
"Hardwick, Worcester, Massachusetts, USA ",297
"Harvard, Worcester, Massachusetts, USA ",253
"Holden, Worcester, Massachusetts, USA ",172
"Hubbardston, Worcester, Massachusetts, USA ",158
"Lancaster, Worcester, Massachusetts, USA ",265
"Leicester, Worcester, Massachusetts, USA ",170
"Leominster, Worcester, Massachusetts, USA ",197
"Lunenburgh, Worcester, Massachusetts, USA ",234
"Mendon, Worcester, Massachusetts, USA ",281
"Milford, Worcester, Massachusetts, USA ",165
"New Braintree, Worcester, Massachusetts, USA ",140
"Northborough, Worcester, Massachusetts, USA ",103
"Northbridge, Worcester, Massachusetts, USA ",97
"Oakham, Worcester, Massachusetts, USA ",122
"Oxford, Worcester, Massachusetts, USA ",204
"Paxton, Worcester, Massachusetts, USA ",99
"Petersham, Worcester, Massachusetts, USA ",255
"Princeton, Worcester, Massachusetts, USA ",164
"Royalston, Worcester, Massachusetts, USA ",193
"Rutland, Worcester, Massachusetts, USA ",179
"Shrewsbury, Worcester, Massachusetts, USA ",145
"Southborough, Worcester, Massachusetts, USA ",155
"Spencer, Worcester, Massachusetts, USA ",ER
"Sterling, Worcester, Massachusetts, USA ",ER
"Sturbridge, Worcester, Massachusetts, USA ",266
"Sutton, Worcester, Massachusetts, USA ",448
"Templeton, Worcester, Massachusetts, USA ",156
"Upton, Worcester, Massachusetts, USA ",157
"Uxbridge, Worcester, Massachusetts, USA ",229
"Ward, Worcester, Massachusetts, USA ",76
"Westborough, Worcester, Massachusetts, USA ",144
"Western, Worcester, Massachusetts, USA ",145
"Westminster, Worcester, Massachusetts, USA ",199
"Winchendon, Worcester, Massachusetts, USA ",161
"Worcester, Worcester, Massachusetts, USA ",ER
"Acworth, Cheshire, New Hampshire, USA ",NR
"Alstead, Cheshire, New Hampshire, USA ",191
"Charlestown, Cheshire, New Hampshire, USA ",NR
"Chesterfield, Cheshire, New Hampshire, USA ",315
"Claremont, Cheshire, New Hampshire, USA ",NR
"Cornish, Cheshire, New Hampshire, USA ",NR
"Croydon, Cheshire, New Hampshire, USA ",NR
"Dublin, Cheshire, New Hampshire, USA ",157
"Fitzwilliam, Cheshire, New Hampshire, USA ",186
"Gilsom, Cheshire, New Hampshire, USA ",NR
"Hampstead, Cheshire, New Hampshire, USA ",NR
"Hinsdale, Cheshire, New Hampshire, USA ",86
"Jaffrey, Cheshire, New Hampshire, USA ",202
"Keene, Cheshire, New Hampshire, USA ",208
"Langdon, Cheshire, New Hampshire, USA ",NR
"Lempster, Cheshire, New Hampshire, USA ",NR
"Marlborough, Cheshire, New Hampshire, USA ",138
"Marlow, Cheshire, New Hampshire, USA ",64
"New Grantham, Cheshire, New Hampshire, USA ",NR
"Newport, Cheshire, New Hampshire, USA ",NR
"Packersfield, Cheshire, New Hampshire, USA ",NR
"Plainfield, Cheshire, New Hampshire, USA ",NR
"Protectworth, Cheshire, New Hampshire, USA ",NR
"Richmond, Cheshire, New Hampshire, USA ",221
"Rindge, Cheshire, New Hampshire, USA ",188
"Stoddard, Cheshire, New Hampshire, USA ",123
"Sullivan, Cheshire, New Hampshire, USA ",37
"Surry, Cheshire, New Hampshire, USA ",79
"Swanzey, Cheshire, New Hampshire, USA ",192
"Unity, Cheshire, New Hampshire, USA ",NR
"Walpole, Cheshire, New Hampshire, USA ",195
"Washington, Cheshire, New Hampshire, USA ",NR
"Wendell, Cheshire, New Hampshire, USA ",NR
"Westmoreland, Cheshire, New Hampshire, USA ",NR
"Winchester, Cheshire, New Hampshire, USA ",189
"Alexandria, Grafton, New Hampshire, USA ",54
"Bartlett, Grafton, New Hampshire, USA ",NR
"Bath, Grafton, New Hampshire, USA ",85
"Bridgewater, Grafton, New Hampshire, USA ",61
"Burton, Grafton, New Hampshire, USA ",NR
"Campton, Grafton, New Hampshire, USA ",75
"Canaan, Grafton, New Hampshire, USA ",24248
"Chatham, Grafton, New Hampshire, USA ",NR
"Cockburn, Grafton, New Hampshire, USA ",NR
"Cockermouth, Grafton, New Hampshire, USA ",NR
"Colburne, Grafton, New Hampshire, USA ",NR
"Concord, Grafton, New Hampshire, USA ",NR
"Coventry, Grafton, New Hampshire, USA ",NR
"Dalton, Grafton, New Hampshire, USA ",NR
"Dames Location, Grafton, New Hampshire, USA ",NR
"Dartmouth, Grafton, New Hampshire, USA ",NR
"Dorchester, Grafton, New Hampshire, USA ",37
"Enfield, Grafton, New Hampshire, USA ",125
"Franconia, Grafton, New Hampshire, USA ",15
"Grafton, Grafton, New Hampshire, USA ",70
"Hales Location, Grafton, New Hampshire, USA ",NR
"Hanover, Grafton, New Hampshire, USA ",213
"Harts Location, Grafton, New Hampshire, USA ",NR
"Haverhill, Grafton, New Hampshire, USA ",101
"Lancaster, Grafton, New Hampshire, USA ",NR
"Landaff, Grafton, New Hampshire, USA ",56
"Lebanon, Grafton, New Hampshire, USA ",225
"Lincoln, Grafton, New Hampshire, USA ",5
"Littleton, Grafton, New Hampshire, USA ",19
"Lyman, Grafton, New Hampshire, USA ",43
"Lyme, Grafton, New Hampshire, USA ",175
"New Chester, Grafton, New Hampshire, USA ",NR
"New Holderness, Grafton, New Hampshire, USA ",NR
"Northumberland, Grafton, New Hampshire, USA ",NR
"Orange, Grafton, New Hampshire, USA ",21
"Orford, Grafton, New Hampshire, USA ",92
"Percy, Grafton, New Hampshire, USA ",NR
"Piermont, Grafton, New Hampshire, USA ",73
"Plymouth, Grafton, New Hampshire, USA ",131
"Rumney, Grafton, New Hampshire, USA ",71
"Senters Location, Grafton, New Hampshire, USA ",NR
"Shelburne, Grafton, New Hampshire, USA ",NR
"Starks Location, Grafton, New Hampshire, USA ",NR
"Sterlings Location, Grafton, New Hampshire, USA ",NR
"Stratford, Grafton, New Hampshire, USA ",NR
"Thornton, Grafton, New Hampshire, USA ",70
"Warren, Grafton, New Hampshire, USA ",35
"Wentworth, Grafton, New Hampshire, USA ",42
"Amherst, Hillsborough, New Hampshire, USA ",384
"Andover, Hillsborough, New Hampshire, USA ",NR
"Antrim, Hillsborough, New Hampshire, USA ",97
"Bedford, Hillsborough, New Hampshire, USA ",141
"Boscowen, Hillsborough, New Hampshire, USA ",NR
"Bradford, Hillsborough, New Hampshire, USA ",NR
"Cornish, Hillsborough, New Hampshire, USA ",NR
"Dearing, Hillsborough, New Hampshire, USA ",NR
"Derryfield, Hillsborough, New Hampshire, USA ",NR
"Dunbarton, Hillsborough, New Hampshire, USA ",NR
"Dunstable, Hillsborough, New Hampshire, USA ",NR
"Duxbury Mile, Hillsborough, New Hampshire, USA ",NR
"Fishersfield, Hillsborough, New Hampshire, USA ",419502
"Francetown, Hillsborough, New Hampshire, USA ",NR
"Goffstown, Hillsborough, New Hampshire, USA ",201
"Hancock, Hillsborough, New Hampshire, USA ",117
"Heniker, Hillsborough, New Hampshire, USA ",NR
"Hillsborough, Hillsborough, New Hampshire, USA ",NR
"Hollis, Hillsborough, New Hampshire, USA ",242
"Hopkinton, Hillsborough, New Hampshire, USA ",NR
"Jaffrey, Hillsborough, New Hampshire, USA ",NR
"Kersarge Gore, Hillsborough, New Hampshire, USA ",NR
"Litchfield, Hillsborough, New Hampshire, USA ",57
"Lyndeborough, Hillsborough, New Hampshire, USA ",NR
"Lyndeborough Gore, Hillsborough, New Hampshire, USA ",NR
"Mason, Hillsborough, New Hampshire, USA ",177
"Merrimac, Hillsborough, New Hampshire, USA ",NR
"New Boston, Hillsborough, New Hampshire, USA ",177
"New Ipswich, Hillsborough, New Hampshire, USA ",176
"New London, Hillsborough, New Hampshire, USA ",NR
"Nottingham West, Hillsborough, New Hampshire, USA ",NR
"Packersfield, Hillsborough, New Hampshire, USA ",NR
"Peterborough, Hillsborough, New Hampshire, USA ",136
"Raby, Hillsborough, New Hampshire, USA ",NR
"Salisbury, Hillsborough, New Hampshire, USA ",NR
"Sharon, Hillsborough, New Hampshire, USA ",45
"Society Land, Hillsborough, New Hampshire, USA ",NR
"Sutton, Hillsborough, New Hampshire, USA ",NR
"Temple, Hillsborough, New Hampshire, USA ",154
"Warner, Hillsborough, New Hampshire, USA ",NR
"Weare, Hillsborough, New Hampshire, USA ",286
"Wilton, Hillsborough, New Hampshire, USA ",159
"Atkinson, Rockingham, New Hampshire, USA ",79
"Bow, Rockingham, New Hampshire, USA ",NR
"Brintwood, Rockingham, New Hampshire, USA ",NR
"Candia, Rockingham, New Hampshire, USA ",167
"Canterbury, Rockingham, New Hampshire, USA ",NR
"Chester, Rockingham, New Hampshire, USA ",343
"Chichester, Rockingham, New Hampshire, USA ",NR
"Concord, Rockingham, New Hampshire, USA ",NR
"Deerfield, Rockingham, New Hampshire, USA ",NR
"East Kingstown, Rockingham, New Hampshire, USA ",NR
"Epping, Rockingham, New Hampshire, USA ",223
"Epsom, Rockingham, New Hampshire, USA ",NR
"Exeter, Rockingham, New Hampshire, USA ",287
"Fitzwilliam, Rockingham, New Hampshire, USA ",NR
"Gosport, Rockingham, New Hampshire, USA ",NR
"Greenland, Rockingham, New Hampshire, USA ",105
"Hampstead, Rockingham, New Hampshire, USA ",120
"Hampton, Rockingham, New Hampshire, USA ",154
"Hampton Falls, Rockingham, New Hampshire, USA ",91
"Hawke, Rockingham, New Hampshire, USA ",NR
"Kensington, Rockingham, New Hampshire, USA ",146
"Kingston, Rockingham, New Hampshire, USA ",167
"Londonderry, Rockingham, New Hampshire, USA ",422
"Loudon, Rockingham, New Hampshire, USA ",NR
"Newcastle, Rockingham, New Hampshire, USA ",NR
"Newington, Rockingham, New Hampshire, USA ",89
"Newmarket, Rockingham, New Hampshire, USA ",194
"Newtown, Rockingham, New Hampshire, USA ",NR
"Northampton, Rockingham, New Hampshire, USA ",NR
"Northfield, Rockingham, New Hampshire, USA ",NR
"Northwood, Rockingham, New Hampshire, USA ",124
"Nottingham, Rockingham, New Hampshire, USA ",178
"Pelham, Rockingham, New Hampshire, USA ",NR
"Pembrook, Rockingham, New Hampshire, USA ",NR
"Pittsfield, Rockingham, New Hampshire, USA ",NR
"Plaistow, Rockingham, New Hampshire, USA ",94
"Poplin, Rockingham, New Hampshire, USA ",NR
"Portsmouth, Rockingham, New Hampshire, USA ",893
"Raymond, Rockingham, New Hampshire, USA ",128
"Rye, Rockingham, New Hampshire, USA ",NR
"Salem, Rockingham, New Hampshire, USA ",207
"Sandown, Rockingham, New Hampshire, USA ",105
"Seabrook, Rockingham, New Hampshire, USA ",132
"South Hampton, Rockingham, New Hampshire, USA ",73
"Stratham, Rockingham, New Hampshire, USA ",143
"Windham, Rockingham, New Hampshire, USA ",102
"Barnstead, Strafford, New Hampshire, USA ",NR
"Barrington, Strafford, New Hampshire, USA ",420
"Conway, Strafford, New Hampshire, USA ",419502
"Dover, Strafford, New Hampshire, USA ",318
"Durham, Strafford, New Hampshire, USA ",230
"Eaton, Strafford, New Hampshire, USA ",ER
"Effingham, Strafford, New Hampshire, USA ",NR
"Gilmantown, Strafford, New Hampshire, USA ",NR
"Lee, Strafford, New Hampshire, USA ",NR
"Madbury, Strafford, New Hampshire, USA ",98
"Merideth, Strafford, New Hampshire, USA ",NR
"Middleton, Strafford, New Hampshire, USA ",107
"Moultonborough, Strafford, New Hampshire, USA ",NR
"New Durham, Strafford, New Hampshire, USA ",179
"New Durham Gore, Strafford, New Hampshire, USA ",NR
"New Hampton, Strafford, New Hampshire, USA ",NR
"Ossipee, Strafford, New Hampshire, USA ",NR
"Rochester, Strafford, New Hampshire, USA ",506
"Sanborntown, Strafford, New Hampshire, USA ",NR
"Sandwich, Strafford, New Hampshire, USA ",NR
"Somersworth, Strafford, New Hampshire, USA ",175
"Tamworth, Strafford, New Hampshire, USA ",NR
"Tuftonborough, Strafford, New Hampshire, USA ",NR
"Wakefield, Strafford, New Hampshire, USA ",NR
"Wolfborough, Strafford, New Hampshire, USA ",NR
"Albany Ward 1, Albany, New York, USA ",NR
"Albany Ward 2, Albany, New York, USA ",NR
"Albany Ward 3, Albany, New York, USA ",NR
"Balls Town, Albany, New York, USA ",NR
"Cambridge, Albany, New York, USA ",NR
"Catskill, Albany, New York, USA ",NR
"Coxsackie, Albany, New York, USA ",NR
"Duanesburgh, Albany, New York, USA ",NR
"Easton, Albany, New York, USA ",NR
"Freehold, Albany, New York, USA ",NR
"Germantown, Albany, New York, USA ",NR
"Half Moon, Albany, New York, USA ",NR
"Hoosick, Albany, New York, USA ",NR
"Pitts Town, Albany, New York, USA ",NR
"Rensselaerville, Albany, New York, USA ",499
"Rensselaerwick, Albany, New York, USA ",NR
"Saratoga, Albany, New York, USA ",NR
"Schachticoke, Albany, New York, USA ",NR
"Schenectady, Albany, New York, USA ",ER
"Schoharie, Albany, New York, USA ",NR
"Stephen Town, Albany, New York, USA ",NR
"Stillwater, Albany, New York, USA ",NR
"Watervliet, Albany, New York, USA ",1097
"Champlain, Clinton, New York, USA ",128
"Crown Point, Clinton, New York, USA ",NR
"Plattsburgh, Clinton, New York, USA ",86
"Wellsburgh, Clinton, New York, USA ",NR
"Canaan, Columbia, New York, USA ",1020
"Claverack, Columbia, New York, USA ",471
"Clermont, Columbia, New York, USA ",130
"Germantown, Columbia, New York, USA ",81
"Hillsdale, Columbia, New York, USA ",755
"Hudson, Columbia, New York, USA ",382
"Kinderhook, Columbia, New York, USA ",697
"Livingston, Columbia, New York, USA ",744
"Amenia, Dutchess, New York, USA ",441
"Beekman, Dutchess, New York, USA ",510
"Clinton, Dutchess, New York, USA ",697
"Fishkill, Dutchess, New York, USA ",888
"Frederickstown, Dutchess, New York, USA ",NR
"Northeast, Dutchess, New York, USA ",NR
"Pawling, Dutchess, New York, USA ",677
"Phillipstown, Dutchess, New York, USA ",NR
"Poughkeepsie, Dutchess, New York, USA ",371
"Rhinebeck, Dutchess, New York, USA ",514
"Southeast, Dutchess, New York, USA ",NR
"Washington, Dutchess, New York, USA ",743
"Brooklyn, Kings, New York, USA ",NR
"Bushwick, Kings, New York, USA ",NR
"Flatbush, Kings, New York, USA ",NR
"Flatlands, Kings, New York, USA ",NR
"Gravesend, Kings, New York, USA ",NR
"New Utrick, Kings, New York, USA ",NR
"Canajoxharrie, Montgomery, New York, USA ",NR
"Caughnawaga, Montgomery, New York, USA ",NR
"Chemung, Montgomery, New York, USA ",NR
"Chenango, Montgomery, New York, USA ",NR
"German Flatts, Montgomery, New York, USA ",NR
"Harpersfield, Montgomery, New York, USA ",NR
"Herkimer, Montgomery, New York, USA ",NR
"Mohawk, Montgomery, New York, USA ",NR
"Otsego, Montgomery, New York, USA ",NR
"Palatine, Montgomery, New York, USA ",474
"Whites, Montgomery, New York, USA ",NR
"New York City, New York, New York, USA ",NR
"New York City Dock Ward, New York, New York, USA ",NR
"New York City East Ward, New York, New York, USA ",NR
"New York City Montgomery Ward, New York, New York, USA ",NR
"New York City North Ward, New York, New York, USA ",NR
"New York City Out Ward, New York, New York, USA ",NR
"New York City South Ward, New York, New York, USA ",NR
"New York City West Ward, New York, New York, USA ",NR
"New York Harlem Division, New York, New York, USA ",NR
"Canandaigua, Ontario, New York, USA ",88
"Erwin District, Ontario, New York, USA ",NR
"Genesee District, Ontario, New York, USA ",NR
"Jerusalem District, Ontario, New York, USA ",NR
"Goshen, Orange, New York, USA ",343
"Haverstraw, Orange, New York, USA ",NR
"Minisink, Orange, New York, USA ",370
"New Cornwall, Orange, New York, USA ",NR
"Orange, Orange, New York, USA ",NR
"Warwick, Orange, New York, USA ",571
"Flushing, Queens, New York, USA ",NR
"Jamaica, Queens, New York, USA ",NR
"Newtown, Queens, New York, USA ",NR
"North Hempstead, Queens, New York, USA ",NR
"Oyster Bay, Queens, New York, USA ",NR
"South Hempstead, Queens, New York, USA ",NR
"Castleton, Richmond, New York, USA ",NR
"Northfield, Richmond, New York, USA ",NR
"Southfield, Richmond, New York, USA ",ER
"Westfield, Richmond, New York, USA ",NR
"Brook Haven, Suffolk, New York, USA ",NR
"East Hampton, Suffolk, New York, USA ",249
"Huntington, Suffolk, New York, USA ",582
"Islip, Suffolk, New York, USA ",106
"Shelter Island, Suffolk, New York, USA ",35
"Smithtown, Suffolk, New York, USA ",157
"South Hampton, Suffolk, New York, USA ",NR
"Southold, Suffolk, New York, USA ",593
"Hurley, Ulster, New York, USA ",ER
"Kingston, Ulster, New York, USA ",536
"Mamakating, Ulster, New York, USA ",NR
"Marbletown, Ulster, New York, USA ",304
"Middletown, Ulster, New York, USA ",NR
"Montgomery, Ulster, New York, USA ",NR
"New Marlborough, Ulster, New York, USA ",NR
"New Paltz, Ulster, New York, USA ",378
"New Windsor, Ulster, New York, USA ",NR
"Newburgh, Ulster, New York, USA ",NR
"Rochester, Ulster, New York, USA ",223
"Shawangunk, Ulster, New York, USA ",ER
"Wallkill, Ulster, New York, USA ",392
"Woodstock, Ulster, New York, USA ",169
"Argyle, Washington, New York, USA ",400
"Granville, Washington, New York, USA ",392
"Hampton, Washington, New York, USA ",75
"Hebron, Washington, New York, USA ",305
"Kingsbury, Washington, New York, USA ",179
"Queensbury, Washington, New York, USA ",NR
"Salem, Washington, New York, USA ",395
"Westfield, Washington, New York, USA ",NR
"Whitehall, Washington, New York, USA ",152
"Bedford, Westchester, New York, USA ",NR
"Cortlandt, Westchester, New York, USA ",334
"Eastchester, Westchester, New York, USA ",102
"Greenburgh, Westchester, New York, USA ",213
"Harrison, Westchester, New York, USA ",152
"Mamaroneck, Westchester, New York, USA ",ER
"Morrisania, Westchester, New York, USA ",NR
"Mount Pleasant, Westchester, New York, USA ",303
"New Rochelle, Westchester, New York, USA ",109
"North Castle, Westchester, New York, USA ",400
"North Salem, Westchester, New York, USA ",181
"Pelham, Westchester, New York, USA ",31
"Poundridge, Westchester, New York, USA ",NR
"Rye, Westchester, New York, USA ",162
"Salem, Westchester, New York, USA ",NR
"Scarsdale, Westchester, New York, USA ",33
"Stephen, Westchester, New York, USA ",ER
"Westchester, Westchester, New York, USA ",NR
"White Plains, Westchester, New York, USA ",75
"Yonkers, Westchester, New York, USA ",152
"York, Westchester, New York, USA ",NR
"Edenton, Chowan, North Carolina, USA ",178
"Fayetteville, Cumberland, North Carolina, USA ",276
"Edgecombe, Halifax, North Carolina, USA ",NR
"Edgecombe, Martin, North Carolina, USA ",NR
", Moore, North Carolina, USA ",NR
"New Bern, Newbern, North Carolina, USA ",NR
"Depriciation Tract, Allegheny, Pennsylvania, USA ",39
"Elizabeth, Allegheny, Pennsylvania, USA ",259
"Pitt, Allegheny, Pennsylvania, USA ",266
"Pittsburgh, Allegheny, Pennsylvania, USA ",77
"Plum, Allegheny, Pennsylvania, USA ",70
"Portion Taken From Washington, Allegheny, Pennsylvania, USA ",1077
"Versailles, Allegheny, Pennsylvania, USA ",67
"Albany, Berks, Pennsylvania, USA ",134
"Alsace, Berks, Pennsylvania, USA ",163
"Amity, Berks, Pennsylvania, USA ",153
"Bern, Berks, Pennsylvania, USA ",379
"Bethel, Berks, Pennsylvania, USA ",175
"Branswick and Manheim, Berks, Pennsylvania, USA ",242
"Brecknock, Berks, Pennsylvania, USA ",65
"Caernarvon, Berks, Pennsylvania, USA ",91
"Colebrookedale, Berks, Pennsylvania, USA ",100
"Cumru, Berks, Pennsylvania, USA ",245
"Douglas, Berks, Pennsylvania, USA ",89
"Earl, Berks, Pennsylvania, USA ",101
"East District, Berks, Pennsylvania, USA ",121
"Exeter, Berks, Pennsylvania, USA ",151
"Greenwich, Berks, Pennsylvania, USA ",133
"Heidelberg, Berks, Pennsylvania, USA ",362
"Hereford, Berks, Pennsylvania, USA ",174
"Long Swamp, Berks, Pennsylvania, USA ",130
"Maiden Creek, Berks, Pennsylvania, USA ",120
"Maxatany, Berks, Pennsylvania, USA ",177
"Oley, Berks, Pennsylvania, USA ",161
"Pine Grove, Berks, Pennsylvania, USA ",145
"Reading, Berks, Pennsylvania, USA ",435
"Richmond, Berks, Pennsylvania, USA ",ER
"Robeson, Berks, Pennsylvania, USA ",200
"Rockland, Berks, Pennsylvania, USA ",143
"Ruscomb, Berks, Pennsylvania, USA ",94
"Tulpehocken, Berks, Pennsylvania, USA ",390
"Union, Berks, Pennsylvania, USA ",NR
"Windsor, Berks, Pennsylvania, USA ",204
"Birmingham, Chester, Pennsylvania, USA ",37
"Brandywine, Chester, Pennsylvania, USA ",127
"Charlestown, Chester, Pennsylvania, USA ",211
"Coventry, Chester, Pennsylvania, USA ",196
"East Bradford, Chester, Pennsylvania, USA ",125
"East Caln, Chester, Pennsylvania, USA ",108
"East Fallowfield, Chester, Pennsylvania, USA ",86
"East Marlborough, Chester, Pennsylvania, USA ",145
"East Nantmill, Chester, Pennsylvania, USA ",319
"East Nottingham, Chester, Pennsylvania, USA ",125
"East Town, Chester, Pennsylvania, USA ",4464
"East Whiteland, Chester, Pennsylvania, USA ",76
"Fallowfield, Chester, Pennsylvania, USA ",211
"Goshen, Chester, Pennsylvania, USA ",207
"Honeybrook, Chester, Pennsylvania, USA ",119
"Kennet, Chester, Pennsylvania, USA ",99
"London Britain, Chester, Pennsylvania, USA ",43
"Londonderry, Chester, Pennsylvania, USA ",96
"Londongrove, Chester, Pennsylvania, USA ",110
"New Garden, Chester, Pennsylvania, USA ",127
"New London, Chester, Pennsylvania, USA ",120
"Newlin, Chester, Pennsylvania, USA ",89
"Oxford, Chester, Pennsylvania, USA ",148
"Pennsbury, Chester, Pennsylvania, USA ",87
"Pikeland, Chester, Pennsylvania, USA ",142
"Sadsbury, Chester, Pennsylvania, USA ",89
"Thornbury, Chester, Pennsylvania, USA ",27
"Tredifferin, Chester, Pennsylvania, USA ",157
"Uwchland, Chester, Pennsylvania, USA ",167
"Vincent, Chester, Pennsylvania, USA ",182
"West Bradford, Chester, Pennsylvania, USA ",118
"West Caln, Chester, Pennsylvania, USA ",134
"West Marlborough, Chester, Pennsylvania, USA ",121
"West Nantmill, Chester, Pennsylvania, USA ",319
"West Nottingham, Chester, Pennsylvania, USA ",69
"West Town, Chester, Pennsylvania, USA ",4464
"West Whiteland, Chester, Pennsylvania, USA ",72
"Willistown, Chester, Pennsylvania, USA ",125
"Hopewell, Newton, Tyborn, and Westpensboro, Cumberland, Pennsylvania, USA ",3020
"Harrisburgh, Dauphin, Pennsylvania, USA ",185
"Lebanon, Dauphin, Pennsylvania, USA ",180
"Ashton, Delaware, Pennsylvania, USA ",75
"Bethel, Delaware, Pennsylvania, USA ",39
"Birmingham, Delaware, Pennsylvania, USA ",64
"Chester, Delaware, Pennsylvania, USA ",NR
"Concord, Delaware, Pennsylvania, USA ",108
"Darby, Delaware, Pennsylvania, USA ",NR
"Edgmont, Delaware, Pennsylvania, USA ",63
"Haverford, Delaware, Pennsylvania, USA ",NR
"Lower Chichester, Delaware, Pennsylvania, USA ",NR
"Lower Providence, Delaware, Pennsylvania, USA ",52
"Marple, Delaware, Pennsylvania, USA ",NR
"Middletown, Delaware, Pennsylvania, USA ",NR
"Newton, Delaware, Pennsylvania, USA ",73
"Radnor, Delaware, Pennsylvania, USA ",NR
"Ridley, Delaware, Pennsylvania, USA ",NR
"Springfield, Delaware, Pennsylvania, USA ",67
"Thornbury, Delaware, Pennsylvania, USA ",63
"Tinicum, Delaware, Pennsylvania, USA ",NR
"Upper Chichester, Delaware, Pennsylvania, USA ",NR
"Upper Darby, Delaware, Pennsylvania, USA ",86
"Upper Providence, Delaware, Pennsylvania, USA ",NR
"Bullskin, Fayette, Pennsylvania, USA ",159
"Franklin, Fayette, Pennsylvania, USA ",18
"Georges, Fayette, Pennsylvania, USA ",262
"German, Fayette, Pennsylvania, USA ",278
"Hopewell, Newton, Tyborn, and Westpensboro, Fayette, Pennsylvania, USA ",NR
"Luzerne, Fayette, Pennsylvania, USA ",152
"Manallen, Fayette, Pennsylvania, USA ",296
"Springhill, Fayette, Pennsylvania, USA ",256
"Tyrone, Fayette, Pennsylvania, USA ",410
"Union, Fayette, Pennsylvania, USA ",291
"Washington, Fayette, Pennsylvania, USA ",206
"Wharton, Fayette, Pennsylvania, USA ",70
"Fannet, Hamilton, Letterkenney, Montgomery, and Peters, Franklin, Pennsylvania, USA ",1161
"Fannet;Peters;Montgomery;Hamistonand;Letterhenney, Franklin, Pennsylvania, USA ",1161
"Bart, Lancaster, Pennsylvania, USA ",137
"Brecknock, Lancaster, Pennsylvania, USA ",120
"Caemarvon, Lancaster, Pennsylvania, USA ",NR
"Caernarvon, Lancaster, Pennsylvania, USA ",131
"Cocalico, Lancaster, Pennsylvania, USA ",539
"Colerain, Lancaster, Pennsylvania, USA ",113
"Conestoga, Lancaster, Pennsylvania, USA ",170
"Donegal, Lancaster, Pennsylvania, USA ",270
"Drumore, Lancaster, Pennsylvania, USA ",157
"Earl, Lancaster, Pennsylvania, USA ",570
"Elizabeth, Lancaster, Pennsylvania, USA ",86
"Heidelberg, Lancaster, Pennsylvania, USA ",12
"Hempfield, Lancaster, Pennsylvania, USA ",272
"Lampeter, Lancaster, Pennsylvania, USA ",238
"Lancaster, Lancaster, Pennsylvania, USA ",734
"Lancaster Borough, Lancaster, Pennsylvania, USA ",680
"Lancaster Township, Lancaster, Pennsylvania, USA ",54
"Leacock, Lancaster, Pennsylvania, USA ",213
"Lttle Britain, Lancaster, Pennsylvania, USA ",196
"Manheim, Lancaster, Pennsylvania, USA ",208
"Manor Township, Lancaster, Pennsylvania, USA ",268
"Martick, Lancaster, Pennsylvania, USA ",ER
"Mountjoy, Lancaster, Pennsylvania, USA ",136
"Rapho, Lancaster, Pennsylvania, USA ",255
"Sadsbury, Lancaster, Pennsylvania, USA ",108
"Salisbury, Lancaster, Pennsylvania, USA ",ER
"Strasburg, Lancaster, Pennsylvania, USA ",264
"Warwick, Lancaster, Pennsylvania, USA ",355
"Abington, Montgomery, Pennsylvania, USA ",NR
"Cheltenham, Montgomery, Pennsylvania, USA ",NR
"Manor of Moreland, Montgomery, Pennsylvania, USA ",224
"Springfield, Montgomery, Pennsylvania, USA ",NR
"Allen, Northampton, Pennsylvania, USA ",241
"Bethlehem, Northampton, Pennsylvania, USA ",160
"Chestnut Hill, Northampton, Pennsylvania, USA ",107
"Cosikton District, Northampton, Pennsylvania, USA ",56
"Delaware, Northampton, Pennsylvania, USA ",77
"Easton, Northampton, Pennsylvania, USA ",134
"Forks, Northampton, Pennsylvania, USA ",116
"Hamilton, Northampton, Pennsylvania, USA ",95
"Heidelberg, Northampton, Pennsylvania, USA ",166
"Lehigh, Northampton, Pennsylvania, USA ",106
"Low Hill, Northampton, Pennsylvania, USA ",75
"Lower Mount Bethel, Northampton, Pennsylvania, USA ",164
"Lower Saucon, Northampton, Pennsylvania, USA ",179
"Lower Smithfield, Northampton, Pennsylvania, USA ",235
"Lynn, Northampton, Pennsylvania, USA ",169
"MacUnge, Northampton, Pennsylvania, USA ",210
"More, Northampton, Pennsylvania, USA ",ER
"Nazareth, Northampton, Pennsylvania, USA ",155
"Northampton, Northampton, Pennsylvania, USA ",NR
"Penn, Northampton, Pennsylvania, USA ",110
"Plainfield, Northampton, Pennsylvania, USA ",146
"Salisbury, Northampton, Pennsylvania, USA ",170
"Towamensink, Northampton, Pennsylvania, USA ",74
"Upper Milford, Northampton, Pennsylvania, USA ",202
"Upper Mount Bethel, Northampton, Pennsylvania, USA ",153
"Upper Saucon, Northampton, Pennsylvania, USA ",145
"Upper Smithfield, Northampton, Pennsylvania, USA ",63
"Wallen Papeck, Northampton, Pennsylvania, USA ",30
"Weisenbergh, Northampton, Pennsylvania, USA ",101
"Whitehall, Northampton, Pennsylvania, USA ",203
"Williams, Northampton, Pennsylvania, USA ",132
"Blockley, Philadelphia, Pennsylvania, USA ",150
"Blockley;Kingsessing, Philadelphia, Pennsylvania, USA ",150
"Bristol, Philadelphia, Pennsylvania, USA ",124
"Bullskin, Philadelphia, Pennsylvania, USA ",15
"Byberry, Philadelphia, Pennsylvania, USA ",95
"Germantown, Philadelphia, Pennsylvania, USA ",555
"Kingsessing Town, Philadelphia, Pennsylvania, USA ",109
"Lower Dublin, Philadelphia, Pennsylvania, USA ",228
"Manor of Moreland, Philadelphia, Pennsylvania, USA ",65
"Mojamensing and Passyunk, Philadelphia, Pennsylvania, USA ",261
"Northern Liberties, Philadelphia, Pennsylvania, USA ",2171
"Oxford, Philadelphia, Pennsylvania, USA ",175
"Philadelphia City, Philadelphia, Pennsylvania, USA ",546
"Roxborough, Philadelphia, Pennsylvania, USA ",135
"Southwark, Philadelphia, Pennsylvania, USA ",1064
"Water Street East Side, Philadelphia, Pennsylvania, USA ",4796
"Armstrong, Westmoreland, Pennsylvania, USA ",ER
"Derry, Westmoreland, Pennsylvania, USA ",288
"Donegal, Westmoreland, Pennsylvania, USA ",142
"Fairfield, Westmoreland, Pennsylvania, USA ",118
"Franklin, Westmoreland, Pennsylvania, USA ",141
"French Creek, Westmoreland, Pennsylvania, USA ",15
"Hempfield, Westmoreland, Pennsylvania, USA ",NR
"Mount Pleasant, Westmoreland, Pennsylvania, USA ",174
"North Huntington, Westmoreland, Pennsylvania, USA ",534
"Rostraver, Westmoreland, Pennsylvania, USA ",191
"Salem, Westmoreland, Pennsylvania, USA ",144
"South Huntington, Westmoreland, Pennsylvania, USA ",534
"Unity, Westmoreland, Pennsylvania, USA ",205
"Versailles, Westmoreland, Pennsylvania, USA ",2
"Washington, Westmoreland, Pennsylvania, USA ",ER
"Wheatfeld, Westmoreland, Pennsylvania, USA ",73
"Chanceford, York, Pennsylvania, USA ",296
"Codorus, York, Pennsylvania, USA ",268
"Dover, York, Pennsylvania, USA ",253
"Fawn, York, Pennsylvania, USA ",75262
"Hellam, York, Pennsylvania, USA ",129
"Hopewell, York, Pennsylvania, USA ",211
"Manallan;Huntington;Gieone;Manhiem, York, Pennsylvania, USA ",NR
"Manchester, York, Pennsylvania, USA ",302
"Mixed Township, York, Pennsylvania, USA ",2567
"Monaghan, York, Pennsylvania, USA ",273
"Newberry, York, Pennsylvania, USA ",404
"Paradise, York, Pennsylvania, USA ",214
"Reading, York, Pennsylvania, USA ",178
"Shrewsbury, York, Pennsylvania, USA ",220
"Warrinton, York, Pennsylvania, USA ",263
"Windsor, York, Pennsylvania, USA ",254
"York, York, Pennsylvania, USA ",641
"York Borough, York, Pennsylvania, USA ",384
"Barrington, Bristol, Rhode Island, USA ",115
"Bristol, Bristol, Rhode Island, USA ",253
"Warren, Bristol, Rhode Island, USA ",200
"Coventry, Kent, Rhode Island, USA ",395
"East Greenwich, Kent, Rhode Island, USA ",296
"Little Compton, Kent, Rhode Island, USA ",NR
"Middletown, Kent, Rhode Island, USA ",NR
"New Shoreham, Kent, Rhode Island, USA ",NR
"Newport, Kent, Rhode Island, USA ",NR
"Warwick, Kent, Rhode Island, USA ",398
"West Greenwich, Kent, Rhode Island, USA ",300
"Jamestown, Newport, Rhode Island, USA ",ER
"Middletown, Newport, Rhode Island, USA ",92
"Newport, Newport, Rhode Island, USA ",1243
"Portsmouth, Newport, Rhode Island, USA ",243
"Tiverton, Newport, Rhode Island, USA ",407
"Cranston, Providence, Rhode Island, USA ",315
"Cumberland, Providence, Rhode Island, USA ",313
"Foster, Providence, Rhode Island, USA ",363
"Glocester, Providence, Rhode Island, USA ",621
"Johnstown, Providence, Rhode Island, USA ",NR
"North Providence, Providence, Rhode Island, USA ",183
"Providence, Providence, Rhode Island, USA ",1131
"Scituate, Providence, Rhode Island, USA ",382
"Smithfield, Providence, Rhode Island, USA ",494
"Charleston, Washington, Rhode Island, USA ",NR
"Exeter, Washington, Rhode Island, USA ",425
"Hopkinton, Washington, Rhode Island, USA ",404
"North Kingston, Washington, Rhode Island, USA ",NR
"Richmond, Washington, Rhode Island, USA ",290
"South Kingston, Washington, Rhode Island, USA ",NR
"Westerly, Washington, Rhode Island, USA ",360
"Christ Church, Charleston, South Carolina, USA ",NR
"St Andrews, Charleston, South Carolina, USA ",193
"St Bartholomes, Charleston, South Carolina, USA ",NR
"St Georges, Charleston, South Carolina, USA ",NR
"St James Goose Creek, Charleston, South Carolina, USA ",NR
"St James Santee, Charleston, South Carolina, USA ",NR
"St Johns, Charleston, South Carolina, USA ",NR
"St Pauls, Charleston, South Carolina, USA ",100
"St Phillips and St Michaels, Charleston, South Carolina, USA ",NR
"St Stephens, Charleston, South Carolina, USA ",NR
"St Thomas, Charleston, South Carolina, USA ",NR
"St Phillips and St Michaels, Cheraws District, South Carolina, USA ",NR
"St Thomas, Cheraws District, South Carolina, USA ",NR
"St Paul, Edgefield, South Carolina, USA ",NR
"All Saints, Georgetown, South Carolina, USA ",NR
"Prince Fredericks, Georgetown, South Carolina, USA ",NR
"Prince Georges, Georgetown, South Carolina, USA ",NR
"Addison, Addison, Vermont, USA ",68
"Bridport, Addison, Vermont, USA ",79
"Bristol, Addison, Vermont, USA ",61
"Cornwall, Addison, Vermont, USA ",149
"Ferrisburg, Addison, Vermont, USA ",NR
"Hancock, Addison, Vermont, USA ",9
"Kingston, Addison, Vermont, USA ",20
"Leicester, Addison, Vermont, USA ",337
"Middlebury, Addison, Vermont, USA ",74
"Monkton, Addison, Vermont, USA ",79
"New Haven, Addison, Vermont, USA ",132
"Panton, Addison, Vermont, USA ",ER
"Salisbury, Addison, Vermont, USA ",140
"Shoreham, Addison, Vermont, USA ",419502
"Vergennes, Addison, Vermont, USA ",39
"Weybridge, Addison, Vermont, USA ",32
"Whiting, Addison, Vermont, USA ",46
"Arlington, Bennington, Vermont, USA ",172
"Bennington, Bennington, Vermont, USA ",375
"Bromley, Bennington, Vermont, USA ",15
"Dorsett, Bennington, Vermont, USA ",155
"Glastonbury, Bennington, Vermont, USA ",6
"Landgrove, Bennington, Vermont, USA ",6
"Manchester, Bennington, Vermont, USA ",200
"Pownal, Bennington, Vermont, USA ",282
"Reedsborough, Bennington, Vermont, USA ",14
"Rupert, Bennington, Vermont, USA ",179
"Sandgate, Bennington, Vermont, USA ",136
"Shaftsbury, Bennington, Vermont, USA ",301
"Stamford, Bennington, Vermont, USA ",48
"Sunderland, Bennington, Vermont, USA ",69
"Winhall, Bennington, Vermont, USA ",29
"Woodford, Bennington, Vermont, USA ",14
"Alburgh, Chittenden, Vermont, USA ",90
"Bakersfield, Chittenden, Vermont, USA ",2
"Bolton, Chittenden, Vermont, USA ",16
"Burlington, Chittenden, Vermont, USA ",60
"Burlington;Jerico, Chittenden, Vermont, USA ",124
"Cambridge, Chittenden, Vermont, USA ",62
"Cambridge Gore, Chittenden, Vermont, USA ",3
"Charlotte, Chittenden, Vermont, USA ",118
"Colchester, Chittenden, Vermont, USA ",28
"Duxbury, Chittenden, Vermont, USA ",8
"Elmore, Chittenden, Vermont, USA ",7
"Essex, Chittenden, Vermont, USA ",62
"Fairfax, Chittenden, Vermont, USA ",51
"Fairfield, Chittenden, Vermont, USA ",27
"Fletcher, Chittenden, Vermont, USA ",8
"Georgia, Chittenden, Vermont, USA ",56
"Highgate, Chittenden, Vermont, USA ",17
"Hinesburgh, Chittenden, Vermont, USA ",85
"Hungerford, Chittenden, Vermont, USA ",7
"Huntsburgh, Chittenden, Vermont, USA ",10
"Hydespark, Chittenden, Vermont, USA ",7
"Isle-Mott, Chittenden, Vermont, USA ",14
"Jerico, Chittenden, Vermont, USA ",64
"Johnson, Chittenden, Vermont, USA ",21
"Middlesex, Chittenden, Vermont, USA ",14
"Milton, Chittenden, Vermont, USA ",49
"Minden, Chittenden, Vermont, USA ",2
"Moretown, Chittenden, Vermont, USA ",6
"Morristown, Chittenden, Vermont, USA ",4
"Newhuntington, Chittenden, Vermont, USA ",28
"Newhuntington Gore, Chittenden, Vermont, USA ",7
"North Hero, Chittenden, Vermont, USA ",ER
"Shelburne, Chittenden, Vermont, USA ",77
"Smithfield, Chittenden, Vermont, USA ",14
"South Hero, Chittenden, Vermont, USA ",126
"St Albans, Chittenden, Vermont, USA ",44
"St George, Chittenden, Vermont, USA ",12
"Starksborough, Chittenden, Vermont, USA ",9
"Swanton, Chittenden, Vermont, USA ",14
"Underhill, Chittenden, Vermont, USA ",12
"Waitsfield, Chittenden, Vermont, USA ",13
"Waterbury, Chittenden, Vermont, USA ",16
"Westford, Chittenden, Vermont, USA ",14
"Williston, Chittenden, Vermont, USA ",93
"Wolcot, Chittenden, Vermont, USA ",5
"Barnet, Orange, Vermont, USA ",98
"Berlin, Orange, Vermont, USA ",23
"Bradford, Orange, Vermont, USA ",108
"Braintree, Orange, Vermont, USA ",37
"Brookfield, Orange, Vermont, USA ",15360
"Brunswick, Orange, Vermont, USA ",12
"Cabot, Orange, Vermont, USA ",21
"Calais, Orange, Vermont, USA ",8
"Canaan, Orange, Vermont, USA ",3
"Chelsea, Orange, Vermont, USA ",45
"Concord, Orange, Vermont, USA ",12
"Corinth, Orange, Vermont, USA ",96
"Danville, Orange, Vermont, USA ",107
"Dewey Gore, Orange, Vermont, USA ",1
"Fairley, Orange, Vermont, USA ",80
"Greensburrough, Orange, Vermont, USA ",5
"Groton, Orange, Vermont, USA ",8
"Guildhall, Orange, Vermont, USA ",27
"Hardwick, Orange, Vermont, USA ",2
"Lemington, Orange, Vermont, USA ",5
"Littleton, Orange, Vermont, USA ",11
"Lunenburgh, Orange, Vermont, USA ",23
"Lyndon, Orange, Vermont, USA ",12
"Maidstone, Orange, Vermont, USA ",19
"Montpelier, Orange, Vermont, USA ",17
"Newbury, Orange, Vermont, USA ",144
"Northfield, Orange, Vermont, USA ",7
"Peachum, Orange, Vermont, USA ",63
"Randolph, Orange, Vermont, USA ",150
"Roxbury, Orange, Vermont, USA ",3
"Ryegate, Orange, Vermont, USA ",36
"Strafford, Orange, Vermont, USA ",148
"Thetford, Orange, Vermont, USA ",157
"Topsham, Orange, Vermont, USA ",27
"Tunbridge, Orange, Vermont, USA ",86
"Vershire, Orange, Vermont, USA ",81
"Walden, Orange, Vermont, USA ",2
"Waldens Gore, Orange, Vermont, USA ",7
"Washington, Orange, Vermont, USA ",17
"Wheelock, Orange, Vermont, USA ",10
"Wildersburgh, Orange, Vermont, USA ",16
"Williamstown, Orange, Vermont, USA ",ER
"Benson, Rutland, Vermont, USA ",130
"Brandon, Rutland, Vermont, USA ",117
"Castleton, Rutland, Vermont, USA ",140
"Chittenden, Rutland, Vermont, USA ",28
"Clarendon, Rutland, Vermont, USA ",258
"Danby, Rutland, Vermont, USA ",212
"Fair Haven, Rutland, Vermont, USA ",100
"Harwich, Rutland, Vermont, USA ",29
"Hubbardton, Rutland, Vermont, USA ",81
"Ira, Rutland, Vermont, USA ",53
"Killington, Rutland, Vermont, USA ",8
"Middletown, Rutland, Vermont, USA ",123
"Midway, Rutland, Vermont, USA ",6
"Orwell, Rutland, Vermont, USA ",150
"Pawlet, Rutland, Vermont, USA ",249
"Philadelphia, Rutland, Vermont, USA ",9
"Pittsfield, Rutland, Vermont, USA ",12
"Pittsford, Rutland, Vermont, USA ",156
"Poultney, Rutland, Vermont, USA ",191
"Rutland, Rutland, Vermont, USA ",243
"Shrewsbury, Rutland, Vermont, USA ",73
"Sudbury, Rutland, Vermont, USA ",46
"Tinmouth, Rutland, Vermont, USA ",171
"Wallingford, Rutland, Vermont, USA ",96
"Wells, Rutland, Vermont, USA ",115
"Athens, Windham, Vermont, USA ",84
"Brattleboro, Windham, Vermont, USA ",260
"Dummerston, Windham, Vermont, USA ",274
"Guilford, Windham, Vermont, USA ",411
"Hallifax, Windham, Vermont, USA ",199
"Hinsdale, Windham, Vermont, USA ",76
"Jamaica, Windham, Vermont, USA ",48
"Johnsons Gore, Windham, Vermont, USA ",10
"Londonderry, Windham, Vermont, USA ",ER
"Marlborough, Windham, Vermont, USA ",112
"New Fane, Windham, Vermont, USA ",114
"Putney, Windham, Vermont, USA ",291
"Rockingham, Windham, Vermont, USA ",208
"Somerset, Windham, Vermont, USA ",21
"Stratton, Windham, Vermont, USA ",419502
"Thomlinson, Windham, Vermont, USA ",106
"Townsend, Windham, Vermont, USA ",ER
"Wardsborough, Windham, Vermont, USA ",150
"Westminster, Windham, Vermont, USA ",261
"Whitingham, Windham, Vermont, USA ",78
"Wilmington, Windham, Vermont, USA ",116
"Aldburgh, Windsor, Vermont, USA ",NR
"Andover, Windsor, Vermont, USA ",47
"Barnard, Windsor, Vermont, USA ",132
"Barnet, Windsor, Vermont, USA ",NR
"Benson, Windsor, Vermont, USA ",NR
"Bethel, Windsor, Vermont, USA ",87
"Bridgwater, Windsor, Vermont, USA ",60
"Cavendish, Windsor, Vermont, USA ",87
"Chester, Windsor, Vermont, USA ",170
"Hartford, Windsor, Vermont, USA ",168
"Hartland, Windsor, Vermont, USA ",271
"Ludlow, Windsor, Vermont, USA ",29
"Norwich, Windsor, Vermont, USA ",181
"Pomfret, Windsor, Vermont, USA ",116
"Reading, Windsor, Vermont, USA ",137
"Rochester, Windsor, Vermont, USA ",ER
"Royalton, Windsor, Vermont, USA ",141
"Saltash, Windsor, Vermont, USA ",20
"Sharon, Windsor, Vermont, USA ",102
"Springfield, Windsor, Vermont, USA ",204
"Stockbridge, Windsor, Vermont, USA ",22
"Weathersfield, Windsor, Vermont, USA ",207
"Weathersfield;Springfield, Windsor, Vermont, USA ",411
"Windham, Windsor, Vermont, USA ",NR
"Windsor, Windsor, Vermont, USA ",240
"Woodstock, Windsor, Vermont, USA ",268
