,CD name,Loan Office name,state
60,Elizabeth Sherbourne,Elizabeth Sherburne,NH
61,Elizabeth Sherburn,Elizabeth Sherburne,NH
62,Ebenezer Thompson,Ebenzer Thompson,NH
63,John Batcheler,John Batchelder,NH
64,Ebenezer Storer,Ebenzer Storer,NH
65,Phillips White,Phillip White,NH
66,William Hines,William Haines,NH
67,Avery  Hall,Avery Hall,NH
68,John Ward Gilman,John Gilman,NH
69,John T Gilman,John Gilman,NH
70,Jonathan B Smith,Jonathan Smith,NH
71,No 10927 in favour of John Brown ,John Brown,NH
72,John Taylor,John Taylor Gilman,NH
73,John Taylor Gilman,John Gilman,NH
131,Nathaniel Steele,Nathaniel Seele,MA
132,Jacob Treadwell,Jacob Tredwell,MA
133,William Brown,William Browne,MA
134,James Johnston,James Johnson,MA
135,Thomas Browne,Thomas Brown,MA
136,Joseph Clarke,Joseph Clark,MA
137,John Brown,John Browne,MA
138,John Barker,John Baker,MA
139,Nathaniel W Appleton,Nathaniel Appleton,MA
140,Enoch Titcomb,Enoch Titcomb 3rd,MA
141,Jonathan B Smith,Jonathan Smith,MA
142,John R B Rogers,John Rogers,MA
143,Robert R Randall,Robert Randall,MA
144,Samuel K Bradford,Samuel Bradford,MA
145,John S Dexter,John Dexter,MA
146,John P Thomas,John Thomas,MA
147,Thomas Williams,William Thomas,MA
148,No 10927 in favour of John Brown ,John Brown,MA
149,Nicholas Brown transferred,Nicholas Brown,MA
150,Robert Andrews treasuer,Robert Andrews,MA
151,Henry Sherburne transfer from the register of the treasury ,Henry Sherburne,MA
152,John Adams  Trustees of the Sinking Fund,John Adams,MA
153,James Brown Executor Hugh Patton ,James Brown,MA
154,Jonathan Williams in Trust,Jonathan Williams,MA
155,Jonathan Williams in Trust,Jonathan William,MA
156,James Brown in Trust for St George Tuker ,James Brown,MA
157,James Brown in trust,James Brown,MA
158,John Waldo,John Waldo Woods,MA
159,William Vernon transferred from the Register of Treasury ,William Vernon,MA
160,Mary Johnson transfer from Register ,Mary Johnson,MA
161,Samuel Vernon transfer from register ,Samuel Vernon,MA
162,John Rogers Transferred from the Register of the Treasury ,John Rogers,MA
163,Nicholas Brown transfer from register ,Nicholas Brown,MA
164,No 10927 in favour of John Brown ,John Browne,MA
165,Daniel Denison Rogers,Daniel Rogers,MA
166,Matthew Watson from the office of William Imlay Connecticut ,William Watson,MA
478,Jeremiah  Wadsworth,Jeremiah Wadsworth,CT
479,Eliphalet Lester,Eliphalet Leister,CT
480,Willam F Miller,William F Miller,CT
481,Daniel Linsley,Daniel Lindsley,CT
482,Samuel Thacher,Samuel Thatcher,CT
483,John Robinson,John Robbinson,CT
484,Daniel Linsley,Daniel Linsly,CT
485,William Price,William Prince,CT
486,Timothy Green,Timothy Greene,CT
487,Joseph Moseley,Joseph Mosely,CT
488,Joseph Higgins,Joseph Higgns,CT
489,Jared Hinckley,Jared Hinkley,CT
490,Allen Sillman,Allen Stillman,CT
491,William Plumbe,William Plumb,CT
492,Andrew Eliot,Andrew Elliot,CT
493,Thomas Clark,Thomas Clarke,CT
494,Joseph Young,Joseph Youngs,CT
495,Samuel Wells,Samuel Welles,CT
496,Samuel Tracey,Samuel Tracy,CT
497,Jane Olmsted,Jane Olmstead,CT
498,John Williams,John Wiliams,CT
499,John Conklin,John Conkling,CT
500,Thomas Jones,Thomas Johnes,CT
501,John Conklin,John Conkin,CT
502,John Herdman,John Herman,CT
503,John Robbins,John Robins,CT
504,James Clark,James Clarke,CT
505,James Wells,James Welles,CT
506,John Wilson,John Willson,CT
507,John Willson,John Wilson,CT
508,Elisha Mills,Eisha Mills,CT
509,James A Wells,James Wells,CT
510,Samuel K Bradford,Samuel Bradford,CT
511,John E Howard,John Howard,CT
512,Stephen M Mitchell,Stephen Mitchell,CT
513,John P Thomas,John Thomas,CT
514,Henry Champion II,Henry Champion,CT
515,Samuel Adams III,Samuel Adams,CT
516,Samuel J Mills,Samuel Mills,CT
517,Samuel Williams,Samuel W Williams,CT
518,Samuel Gray,Samuel M Gray,CT
519,Saul Alvord,Lay Saul Alvord,CT
520,James Brown in Trust for St George Tuker ,James Brown,CT
521,John Warner transferred from Register ,John Warner,CT
522,James Brown Executor Hugh Patton ,James Brown,CT
523,John Morris,Newton John Morris,CT
524,James Brown in trust,James Brown,CT
525,Willam F Miller,William Miller,CT
526,William H Imlay,Wiliam Imlay,CT
527,James A Wells,James Welles,CT
528,William Larned transfer from Register ,William Learned,CT
529,John Jacob Lansing,John Jacobs,CT
530,John Jacob Beekman,John Jacobs,CT
531,William Williams,William Worthington Gale,CT
532,Matthew Watson from the office of William Imlay Connecticut ,Wiliam Imlay,CT
533,James Johnston John McDowell,John Johnson,CT
566,John Jacob Lansing,John Jacob Lansingh,NY
567,Nicholas Roosevelt,Nicholas Rosevelt,NY
568,John R Livingston,John R. Livingston,NY
569,Mary Brinkerhoff,Mary Brinckerhoff,NY
570,Leonard Bronk,Leonard Bronck,NY
571,Wiliam White,William White,NY
572,John Bleecker,John N. Bleecker,NY
573,John Bleecker,John Jay Bleecker,NY
574,Philip Schuyler,Philip P Schuyler,NY
575,Abraham Lansing,Abraham A. Lansing,NY
576,John Jacob Lansing,Jacob Lansing,NY
577,Robert C Livingston,Robert Livingston,NY
578,Henry Livingston,Henry G Livingston,NY
579,John R Livingston,John Livingston,NY
580,John N Blecker,John N. Bleecker,NY
581,John S Bronk,John S. Bronck,NY
582,Abraham Lansing,Abraham G Lansingh,NY
583,John Jay,John Jay Bleecker,NY
584,Sarah Ward Transferred from the Register ,Sarah Ward,NY
585,Sarah Ward transferred from Register ,Sarah Ward,NY
586,No 10927 in favour of John Brown ,John Brown,NY
587,John S Bronk,John Bronck,NY
588,John Wesson Executor R Price ,John Price,NY
617,Christopher Johnston,Christopher Johnson,NJ
618,Philip Stockton,Phillip Stockton,NJ
619,William Crooke,William Crook,NJ
620,John Bennet,John Bennett,NJ
621,James Henry,Henry James,NJ
622,Richard M Scott,Richard Scott,NJ
623,John R B Rogers,John Rogers,NJ
624,Richard Smith,Smith Richards,NJ
625,John Rogers Transferred from the Register of the Treasury ,John Rogers,NJ
626,James Brown in trust,James Brown,NJ
627,James Brown in Trust for St George Tuker ,James Brown,NJ
628,James Brown Executor Hugh Patton ,James Brown,NJ
629,No 10927 in favour of John Brown ,John Brown,NJ
630,John Lawrence,Gilbert Sutton John Voorhees Lawrence Vandiveer and Jacobus Vandiveer Sutton,NJ
631,Garret John,Garrett John Blauvelt,NJ
967,Elizabeth Roberdeau,Elizabeth Robertdeau,PA
968,Wiliam Alexander,William Alexander,PA
969,Robert McLaughlin,Robert McLauglin,PA
970,Catharine Summers,Cathrine Summers,PA
971,Dietrick Metzner,Detrick Metzner,PA
972,Francis Johnston,Francis Johnson,PA
973,Charles Thomson,Charles Thompson,PA
974,Nicholas Cruger,Nicolas Cruger,PA
975,Conrad Phillip,Conrad Phillips,PA
976,Thomas Thornton,Thomas Thorton,PA
977,William Sherer,William Shearer,PA
978,William Bingham,William Bigham,PA
979,Phillip Gardner,Philip Gardner,PA
980,Robert Johnston,Robert Johnson,PA
981,William Rogers,William Roger,PA
982,Helena Bogart,Helenah Bogart,PA
983,William  Sharp,William Sharp,PA
984,Valetine Hahn,Valentine Hahn,PA
985,Helena Bogart,Helenat Bogart,PA
986,Richard Potter,Richard Poter,PA
987,James Johnston,James Johnson,PA
988,William Brown,William Browne,PA
989,Robert Merns,Robert Mearns,PA
990,John Thompson,John Tompson,PA
991,Matthew Greer,Mathew Greer,PA
992,Thomas Meyers,Thomas Myers,PA
993,Peter Wikoff,Peter Wilkoff,PA
994,John Bleakley,John Blakley,PA
995,Wiliam White,William White,PA
996,Robert Means,Robert Mearns,PA
997,John Thomson,John Thompson,PA
998,James Huston,James Houston,PA
999,John Johnston,John Johnson,PA
1000,John Phillips,John Philips,PA
1001,Thomas Reber,Thomas Reuber,PA
1002,Peter Browne,Peter Brown,PA
1003,John Brooke,John Brooker,PA
1004,John Cropper,John Copper,PA
1005,John Wharton,John Harton,PA
1006,John Coburn,John Coburne,PA
1007,John Reily,John Reilly,PA
1008,John Holmes,John Holms,PA
1009,John Brooke,John Brook,PA
1010,John Miler,John Miller,PA
1011,Mary Porter,Mary Poter,PA
1012,John Barker,John Baker,PA
1013,John P Thomas,John Thomas,PA
1014,Anna Cunningham,Anna Dav Cunningham,PA
1015,John L Hunn,John Hunn,PA
1016,John Thompson Mason,John Thompson,PA
1017,John Smith,John Nic Smith,PA
1018,John Brooke,John Tin. Brooke,PA
1019,John  Cox,John Cox,PA
1020,Thomas Mifflin  Ex,Thomas Mifflin,PA
1021,Samuel Allen Otis,Samuel Allen,PA
1022,George Campbell,George W Campbell,PA
1023,John M Taylor,John Taylor,PA
1024,Robert Correy,Robert L Correy,PA
1025,William Smith,William P Smith,PA
1026,William Smith,William D Smith,PA
1027,William Smith,William O. Smith,PA
1028,John E Howard,John Howard,PA
1029,William  Sharp,William Sharpe,PA
1030,Wiliam Bryan,William Bryant,PA
1031,William Vernon transferred from the Register of Treasury ,William Vernon,PA
1032,No 10927 in favour of John Brown ,John Brown,PA
1033,John Adams  Trustees of the Sinking Fund,John Adams,PA
1034,Nicholas Brown transferred,Nicholas Brown,PA
1035,Distressed Presbyterian Ministers,Corporation for the Relief of Poor and Distressed Presbyterian Ministers ,PA
1036,Distressed Presbyterian Ministers,Corporation for relief of poor and distressed presbyterian ministers ,PA
1037,Joseph Stiles for Society,Joseph Stiles,PA
1038,John Warner transferred from Register ,John Warner,PA
1039,Samuel Vernon transfer from register ,Samuel Vernon,PA
1040,George Clymer,his inlaws george clymer,PA
1041,Corporation for the Relief of Poor,Corporation for the Relief of Poor and Distressed Presbyterian Ministers ,PA
1042,John Maxwell Nesbitt,John Maxwell,PA
1043,William Montgomery Sterrett,William Montgomery,PA
1044,James Johnston John McDowell,James John,PA
1045,James Johnston John McDowell,John McDowell,PA
1046,Robert Buchanan,William Robert Buchanan,PA
1047,Daniel William Coxe,William Coxe,PA
1048,John Warren Transferred from the Register ,John Warren,PA
1049,John Bowen No 11747 ,John Bowen,PA
1050,Mary Johnson transfer from Register ,Mary Johnson,PA
1051,John Jacob Lansing,John Jacob,PA
1052,Nicholas Brown transfer from register ,Nicholas Brown,PA
1053,John Webb,John Webb Cheehley,PA
1054,John Jacob Beekman,John Jacob,PA
1055,William W Morris,William Moris,PA
1056,James Brown in Trust for St George Tuker ,George Tusker,PA
1057,James Brown in Trust for St George Tuker ,George Tucker,PA
1058,John Jacob Beekman,John Jacobs,PA
1059,John Jacob Lansing,John Jacobs,PA
1060,John Chris Hedrick,John Christ,PA
1061,John Jones,John Paul Jones,PA
1062,John Kline,John Isaac Kline,PA
1063,Peter Wikoff,Peter Isaac Wikoff,PA
1064,John Smith,John Nicholas Smith,PA
1071,John Hamilton,John Hammilton,DE
1072,Garret John,John Garret,DE
1073,William W Morris,William Morris,DE
1074,John Thompson Mason,John Thompson,DE
1075,James Ladd Executor of Atkinsons Est ,James Atkinson,DE
1179,Richard Bryant,Richard Bryan,MD
1180,George Mofatt,George Moffatt,MD
1181,David Stuart,David Steuart,MD
1182,John Barker,John Baker,MD
1183,Philip Key,Phillip Key,MD
1184,John P Thomas,John Thomas,MD
1185,Samuel T Wright,Samuel Wright,MD
1186,Charles A Warfield,Charles Warfield,MD
1187,John Thomas,John A Thomas,MD
1188,John R B Rogers,John Rogers,MD
1189,John L Gibson,John Gibson,MD
1190,William Williams,William Williamson,MD
1191,Matthias Shrub,Mathias Shrubb,MD
1192,John Warren Transferred from the Register ,John Warren,MD
1193,Ezekiel John Dorsey,John Dorsey,MD
1194,John Rogers Transferred from the Register of the Treasury ,John Rogers,MD
1195,Philip B Key,Phillip Key,MD
1196,William Williams,William Gillis,MD
1197,James Johnston John McDowell,John Johnson,MD
1198,Philip Barton Key,Phillip Key,MD
1199,John Smith Brookes,John Brooke,MD
1200,Matthew Watson from the office of William Imlay Connecticut ,William Matthews,MD
1258,Benjamin Johnson,Benjamin Johnston,VA
1259,Mathew Pearson,Matthew Pearson,VA
1260,William Harvey,William Harvy,VA
1261,Thomas Colson,Thomas Colston,VA
1262,Samuel Beall,Samuel Bealle,VA
1263,Wiliam Bryan,William Bryan,VA
1264,George Carrington,George Carrington Jr,VA
1265,William W Morris,William Morris,VA
1266,John Carter,John Carter jr,VA
1267,John Thompson Mason,John Thompson,VA
1268,Benjamin Ruffin,Benjamin Ruffin Jr,VA
1269,George Washington,George Washington Esqr,VA
1270,Thomas O Elliott,Thomas Elliott,VA
1271,Richard E Lee,Richard Lee,VA
1272,James Mercer for Samuel Seldens Wars ,James Mercer,VA
1273,George Washington,George Washington Trustees,VA
1274,James Ladd Executor of Atkinsons Est ,James Ladd,VA
1275,Francis Lee,Francis Lightfoot Lee,VA
1276,Richard Taylor,Richard Squire Taylor,VA
1277,Matthew Watson from the office of William Imlay Connecticut ,William Watson,VA
275,Christopher Johnston,Christopher Johnson,NH
276,John Jacob Lansing,John Jacob Lansingh,NH
277,John R Livingston,John R. Livingston,NH
278,Nicholas Roosevelt,Nicholas Rosevelt,NH
279,Benjamin Johnson,Benjamin Johnston,NH
280,Mary Brinkerhoff,Mary Brinckerhoff,NH
281,Wiliam Alexander,William Alexander,NH
282,Winthrop Sargent,Winthrop Sargeant,NH
283,Nehemiah Parson,Nehemiah Parsons,NH
284,Dietrick Metzner,Detrick Metzner,NH
285,Benjamin Titcomb,Benjamin Ticomb,NH
286,Nathaniel Steele,Nathaniel Seele,NH
287,Thomas Thornton,Thomas Thorton,NH
288,Benjamin Brown,Benjamin Browne,NH
289,William Bingham,William Bigham,NH
290,Phillip Gardner,Philip Gardner,NH
291,William Sherer,William Shearer,NH
292,Mathew Pearson,Matthew Pearson,NH
293,Nicholas Cruger,Nicolas Cruger,NH
294,William Crooke,William Crook,NH
295,William Brown,William Browne,NH
296,George Mofatt,George Moffatt,NH
297,Helena Bogart,Helenat Bogart,NH
299,Helena Bogart,Helenah Bogart,NH
300,John Robinson,John Robbinson,NH
301,William Price,William Prince,NH
302,William Harvey,William Harvy,NH
303,Thomas Colson,Thomas Colston,NH
304,William  Sharp,William Sharp,NH
305,John Hamilton,John Hammilton,NH
306,Leonard Bronk,Leonard Bronck,NH
307,William Rogers,William Roger,NH
308,James Johnston,James Johnson,NH
309,Wiliam Bryan,William Bryan,NH
310,David Stuart,David Steuart,NH
311,Wiliam White,William White,NH
312,Robert Means,Robert Mearns,NH
313,John Thompson,John Tompson,NH
314,Joseph Clarke,Joseph Clark,NH
315,Amos Shepard,Amos Shephard,NH
316,James Huston,James Houston,NH
317,Thomas Reber,Thomas Reuber,NH
318,Joseph Young,Joseph Youngs,NH
319,Thomas Jones,Thomas Johnes,NH
320,John Coburn,John Coburne,NH
321,John Cropper,John Copper,NH
322,John Herdman,John Herman,NH
323,John Brooke,John Brooker,NH
324,John Wharton,John Harton,NH
325,John Wilson,John Willson,NH
326,John Brooke,John Brook,NH
327,John Brown,John Browne,NH
328,John Holmes,John Holms,NH
329,John Barker,John Baker,NH
330,Mary Porter,Mary Poter,NH
331,John P Thomas,John Thomas,NH
332,Robert C Livingston,Robert Livingston,NH
333,George Carrington,George Carrington Jr,NH
334,John Jacob Lansing,Jacob Lansing,NH
335,Richard E Lee,Richard Lee,NH
336,Samuel K Bradford,Samuel Bradford,NH
337,John L Hunn,John Hunn,NH
338,John Carter,John Carter jr,NH
339,Richard M Scott,Richard Scott,NH
340,John Smith,John Nic Smith,NH
342,William Smith,William P Smith,NH
343,William Smith,William D Smith,NH
344,John Thompson Mason,John Thompson,NH
345,Philip Schuyler,Philip P Schuyler,NH
346,John Brooke,John Tin. Brooke,NH
347,John R B Rogers,John Rogers,NH
348,Thomas Mifflin  Ex,Thomas Mifflin,NH
349,John S Dexter,John Dexter,NH
350,William Gray,William Gray 3rd,NH
351,William Smith,William O. Smith,NH
352,Thomas O Elliott,Thomas Elliott,NH
353,Robert R Randall,Robert Randall,NH
354,Joseph H Shepard,Joseph Shepard,NH
355,William W Morris,William Morris,NH
356,James Henry,Henry James,NH
357,John Bleecker,John Jay Bleecker,NH
358,John Bleecker,John N. Bleecker,NH
359,Benjamin Ruffin,Benjamin Ruffin Jr,NH
360,John E Howard,John Howard,NH
361,John R Livingston,John Livingston,NH
362,Henry Livingston,Henry G Livingston,NH
363,Garret John,John Garret,NH
364,Abraham Lansing,Abraham A. Lansing,NH
638,Christopher Johnston,Christopher Johnson,MA
639,John Jacob Lansing,John Jacob Lansingh,MA
640,Nicholas Roosevelt,Nicholas Rosevelt,MA
641,John R Livingston,John R. Livingston,MA
642,Mary Brinkerhoff,Mary Brinckerhoff,MA
643,Wiliam Alexander,William Alexander,MA
644,Benjamin Johnson,Benjamin Johnston,MA
645,Dietrick Metzner,Detrick Metzner,MA
646,Ebenezer Storer,Ebenzer Storer,MA
647,Thomas Thornton,Thomas Thorton,MA
648,William Bingham,William Bigham,MA
649,Nicholas Cruger,Nicolas Cruger,MA
650,William Sherer,William Shearer,MA
651,Phillip Gardner,Philip Gardner,MA
652,Mathew Pearson,Matthew Pearson,MA
654,John Robinson,John Robbinson,MA
655,George Mofatt,George Moffatt,MA
656,Thomas Colson,Thomas Colston,MA
657,Leonard Bronk,Leonard Bronck,MA
658,William Rogers,William Roger,MA
659,William Harvey,William Harvy,MA
660,William Hines,William Haines,MA
661,William  Sharp,William Sharp,MA
662,John Hamilton,John Hammilton,MA
663,William Price,William Prince,MA
664,Helena Bogart,Helenat Bogart,MA
665,Thomas Russell,Thomas Russel,MA
666,Helena Bogart,Helenah Bogart,MA
668,William Crooke,William Crook,MA
669,William Jones,William Johnes,MA
670,Andrew Elliott,Andrew Elliot,MA
671,Wiliam Bryan,William Bryan,MA
672,Robert Means,Robert Mearns,MA
673,James Huston,James Houston,MA
674,John Thompson,John Tompson,MA
675,Thomas Reber,Thomas Reuber,MA
676,David Stuart,David Steuart,MA
678,Thomas Jones,Thomas Johnes,MA
679,Joseph Young,Joseph Youngs,MA
680,Wiliam White,William White,MA
681,John Wilson,John Willson,MA
682,John Brooke,John Brooker,MA
683,John Herdman,John Herman,MA
684,John Coburn,John Coburne,MA
685,John Cropper,John Copper,MA
686,John Wharton,John Harton,MA
688,John Holmes,John Holms,MA
689,John Brooke,John Brook,MA
690,Mary Porter,Mary Poter,MA
692,Abraham Lansing,Abraham A. Lansing,MA
693,Thomas Mifflin  Ex,Thomas Mifflin,MA
694,John Smith,John Nic Smith,MA
695,John Brooke,John Tin. Brooke,MA
696,William Smith,William O. Smith,MA
697,William Smith,William P Smith,MA
698,John L Hunn,John Hunn,MA
699,John R Livingston,John Livingston,MA
700,Henry Livingston,Henry G Livingston,MA
702,John Jacob Lansing,Jacob Lansing,MA
704,William Smith,William D Smith,MA
705,Richard M Scott,Richard Scott,MA
706,John Thompson Mason,John Thompson,MA
707,John Bleecker,John Jay Bleecker,MA
708,James Henry,Henry James,MA
709,William W Morris,William Morris,MA
710,Garret John,John Garret,MA
713,George Carrington,George Carrington Jr,MA
714,Thomas Williams,Thomas M Williams,MA
715,Thomas O Elliott,Thomas Elliott,MA
716,Richard E Lee,Richard Lee,MA
717,John Carter,John Carter jr,MA
718,John Bleecker,John N. Bleecker,MA
719,John E Howard,John Howard,MA
720,Benjamin Ruffin,Benjamin Ruffin Jr,MA
721,Philip Schuyler,Philip P Schuyler,MA
722,Robert C Livingston,Robert Livingston,MA
1037,Christopher Johnston,Christopher Johnson,CT
1039,John Jacob Lansing,John Jacob Lansingh,CT
1040,John R Livingston,John R. Livingston,CT
1041,Nicholas Roosevelt,Nicholas Rosevelt,CT
1042,Mary Brinkerhoff,Mary Brinckerhoff,CT
1043,Benjamin Johnson,Benjamin Johnston,CT
1044,Wiliam Alexander,William Alexander,CT
1045,Nathaniel Steele,Nathaniel Seele,CT
1046,Benjamin Summer,Benjamin Summers,CT
1047,Nathaniel Matson,Nathaniel Mason,CT
1048,Samuel McClellan,Samuel McLellan,CT
1049,Stephen Johnson,Stephen Johnston,CT
1050,Dietrick Metzner,Detrick Metzner,CT
1051,Thomas Thornton,Thomas Thorton,CT
1052,William Bingham,William Bigham,CT
1053,Phillip Gardner,Philip Gardner,CT
1054,Ebenezer Storer,Ebenzer Storer,CT
1055,William Sherer,William Shearer,CT
1056,Mathew Pearson,Matthew Pearson,CT
1057,Nicholas Cruger,Nicolas Cruger,CT
1058,Thomas Colson,Thomas Colston,CT
1059,John Humpheys,John Humphreys,CT
1060,William Rogers,William Roger,CT
1061,Susannah White,Susanna White,CT
1062,William Hines,William Haines,CT
1063,Helena Bogart,Helenah Bogart,CT
1064,Helena Bogart,Helenat Bogart,CT
1065,George Mofatt,George Moffatt,CT
1066,Abijah Savage,Habijah Savage,CT
1067,William Brown,William Browne,CT
1068,William  Sharp,William Sharp,CT
1069,William Crooke,William Crook,CT
1070,John Hamilton,John Hammilton,CT
1071,James Johnston,James Johnson,CT
1072,Leonard Bronk,Leonard Bronck,CT
1073,William Harvey,William Harvy,CT
1074,John Humphrey,John Humphreys,CT
1075,William Morris,William Moris,CT
1076,James Huston,James Houston,CT
1077,David Stuart,David Steuart,CT
1078,Robert Means,Robert Mearns,CT
1079,John Thompson,John Tompson,CT
1080,Wiliam Bryan,William Bryan,CT
1081,John Williams,John William,CT
1082,Hannah Hawley,Hannah Haley,CT
1083,Wiliam White,William White,CT
1084,Joseph Clarke,Joseph Clark,CT
1086,Thomas Reber,Thomas Reuber,CT
1089,John Coburn,John Coburne,CT
1090,John Parsons,John Parson,CT
1091,John Brooke,John Brooker,CT
1092,John Cropper,John Copper,CT
1093,Caleb Fowler,Caleb Fowle,CT
1094,John Wharton,John Harton,CT
1095,John Brooke,John Brook,CT
1096,John Holmes,John Holms,CT
1097,John Barker,John Baker,CT
1098,John Brown,John Browne,CT
1099,John Tyler,John Tayler,CT
1100,Mary Porter,Mary Poter,CT
1101,Robert R Randall,Robert Randall,CT
1103,John Smith,John Nic Smith,CT
1104,John S Dexter,John Dexter,CT
1105,Robert C Johnson,Robert Johnson,CT
1106,John R B Rogers,John Rogers,CT
1107,John Williams,John Davis Williams,CT
1108,Thomas Mifflin  Ex,Thomas Mifflin,CT
1109,Thomas O Elliott,Thomas Elliott,CT
1110,John Brooke,John Tin. Brooke,CT
1111,Richard M Scott,Richard Scott,CT
1112,John Thompson Mason,John Thompson,CT
1113,John Williams,John M Williams,CT
1114,Jonathan B Smith,Jonathan Smith,CT
1116,John Williams,John F Williams,CT
1117,Thomas C Green,Thomas Green,CT
1118,John Carter,John Carter jr,CT
1119,William Smith,William O. Smith,CT
1120,Timothy Green,Timothy J. Green,CT
1121,William W Morris,William Morris,CT
1122,John Bleecker,John Jay Bleecker,CT
1124,John Bleecker,John N. Bleecker,CT
1125,Philip Schuyler,Philip P Schuyler,CT
1126,George Carrington,George Carrington Jr,CT
1127,Garret John,John Garret,CT
1128,Thomas Williams,Thomas M Williams,CT
1129,James Henry,Henry James,CT
1130,Joseph P Cooke,Joseph Cooke,CT
1131,Abraham Lansing,Abraham A. Lansing,CT
1132,William Smith,William D Smith,CT
1133,Richard E Lee,Richard Lee,CT
1134,William Smith,William P Smith,CT
1135,John L Hunn,John Hunn,CT
1136,Samuel W Williams,Samuel Williams,CT
1137,John Norton,John H Norton,CT
1138,William St John,John William,CT
1139,William St John,William John,CT
1140,John Jacob Lansing,Jacob Lansing,CT
1141,Robert C Livingston,Robert Livingston,CT
1142,Benjamin Ruffin,Benjamin Ruffin Jr,CT
1143,Henry Livingston,Henry G Livingston,CT
1144,John Thomas,John A Thomas,CT
1145,John R Livingston,John Livingston,CT
1401,Christopher Johnston,Christopher Johnson,NY
1402,Benjamin Johnson,Benjamin Johnston,NY
1403,Wiliam Alexander,William Alexander,NY
1404,Nathaniel Steele,Nathaniel Seele,NY
1405,Dietrick Metzner,Detrick Metzner,NY
1406,Nicholas Cruger,Nicolas Cruger,NY
1407,Ebenezer Storer,Ebenzer Storer,NY
1408,Mathew Pearson,Matthew Pearson,NY
1409,Thomas Thornton,Thomas Thorton,NY
1410,William Bingham,William Bigham,NY
1411,William Sherer,William Shearer,NY
1412,Phillip Gardner,Philip Gardner,NY
1413,John Robinson,John Robbinson,NY
1414,William Rogers,William Roger,NY
1415,William Price,William Prince,NY
1416,William Brown,William Browne,NY
1417,James Johnston,James Johnson,NY
1418,John Hamilton,John Hammilton,NY
1419,William  Sharp,William Sharp,NY
1420,Thomas Colson,Thomas Colston,NY
1421,William Harvey,William Harvy,NY
1422,William Jones,William Johnes,NY
1423,Helena Bogart,Helenat Bogart,NY
1424,George Mofatt,George Moffatt,NY
1425,William Crooke,William Crook,NY
1426,William Hines,William Haines,NY
1427,Helena Bogart,Helenah Bogart,NY
1429,Robert Means,Robert Mearns,NY
1430,Thomas Jones,Thomas Johnes,NY
1431,David Stuart,David Steuart,NY
1432,Joseph Clarke,Joseph Clark,NY
1433,James Huston,James Houston,NY
1434,Thomas Reber,Thomas Reuber,NY
1435,John Thompson,John Tompson,NY
1436,Wiliam Bryan,William Bryan,NY
1437,Joseph Young,Joseph Youngs,NY
1438,John Cropper,John Copper,NY
1439,John Herdman,John Herman,NY
1440,John Wilson,John Willson,NY
1441,John Coburn,John Coburne,NY
1442,John Brooke,John Brooker,NY
1443,John Wharton,John Harton,NY
1444,John Holmes,John Holms,NY
1445,Mary Porter,Mary Poter,NY
1446,John Brown,John Browne,NY
1447,John Brooke,John Brook,NY
1448,John Barker,John Baker,NY
1449,Jonathan B Smith,Jonathan Smith,NY
1450,James Henry,Henry James,NY
1451,John Smith,John Nic Smith,NY
1452,John Brooke,John Tin. Brooke,NY
1453,John R B Rogers,John Rogers,NY
1454,Thomas Mifflin  Ex,Thomas Mifflin,NY
1455,Robert R Randall,Robert Randall,NY
1456,Benjamin Ruffin,Benjamin Ruffin Jr,NY
1457,John Thompson Mason,John Thompson,NY
1458,Garret John,John Garret,NY
1459,Thomas O Elliott,Thomas Elliott,NY
1460,William Smith,William O. Smith,NY
1461,John L Hunn,John Hunn,NY
1462,John E Howard,John Howard,NY
1463,George Carrington,George Carrington Jr,NY
1464,William Smith,William P Smith,NY
1465,John S Dexter,John Dexter,NY
1466,John Carter,John Carter jr,NY
1467,Richard E Lee,Richard Lee,NY
1468,John P Thomas,John Thomas,NY
1469,William Smith,William D Smith,NY
1470,Samuel K Bradford,Samuel Bradford,NY
1471,William W Morris,William Morris,NY
1472,Richard M Scott,Richard Scott,NY
1732,John Jacob Lansing,John Jacob Lansingh,NJ
1733,Nicholas Roosevelt,Nicholas Rosevelt,NJ
1734,John R Livingston,John R. Livingston,NJ
1735,Mary Brinkerhoff,Mary Brinckerhoff,NJ
1736,Benjamin Johnson,Benjamin Johnston,NJ
1737,Wiliam Alexander,William Alexander,NJ
1738,Nathaniel Steele,Nathaniel Seele,NJ
1739,Dietrick Metzner,Detrick Metzner,NJ
1740,Ebenezer Storer,Ebenzer Storer,NJ
1741,Thomas Thornton,Thomas Thorton,NJ
1742,William Bingham,William Bigham,NJ
1743,Nicholas Cruger,Nicolas Cruger,NJ
1744,William Sherer,William Shearer,NJ
1745,Mathew Pearson,Matthew Pearson,NJ
1746,Phillip Gardner,Philip Gardner,NJ
1747,Helena Bogart,Helenah Bogart,NJ
1748,Helena Bogart,Helenat Bogart,NJ
1749,Leonard Bronk,Leonard Bronck,NJ
1750,William Price,William Prince,NJ
1751,William Brown,William Browne,NJ
1752,William Harvey,William Harvy,NJ
1753,John Robinson,John Robbinson,NJ
1754,Thomas Colson,Thomas Colston,NJ
1755,William  Sharp,William Sharp,NJ
1756,William Hines,William Haines,NJ
1757,John Hamilton,John Hammilton,NJ
1758,James Johnston,James Johnson,NJ
1759,William Rogers,William Roger,NJ
1760,George Mofatt,George Moffatt,NJ
1761,Wiliam Bryan,William Bryan,NJ
1762,Joseph Young,Joseph Youngs,NJ
1763,James Huston,James Houston,NJ
1764,Isaac Wikoff,Isaac Wilkoff,NJ
1765,Robert Means,Robert Mearns,NJ
1766,Wiliam White,William White,NJ
1767,Thomas Jones,Thomas Johnes,NJ
1768,David Stuart,David Steuart,NJ
1769,Joseph Clarke,Joseph Clark,NJ
1770,John Thompson,John Tompson,NJ
1771,Thomas Reber,Thomas Reuber,NJ
1772,John Herdman,John Herman,NJ
1773,John Brooke,John Brooker,NJ
1774,John Cropper,John Copper,NJ
1775,Jacob Myers,Jacob Meyers,NJ
1777,John Wharton,John Harton,NJ
1778,John Coburn,John Coburne,NJ
1779,John Wilson,John Willson,NJ
1780,John Brown,John Browne,NJ
1781,John Brooke,John Brook,NJ
1782,Mary Porter,Mary Poter,NJ
1783,John Holmes,John Holms,NJ
1784,John Barker,John Baker,NJ
1786,Jonathan B Smith,Jonathan Smith,NJ
1787,John Smith,John Nic Smith,NJ
1788,John Carter,John Carter jr,NJ
1789,Richard E Lee,Richard Lee,NJ
1790,Thomas Mifflin  Ex,Thomas Mifflin,NJ
1791,John L Hunn,John Hunn,NJ
1792,John S Dexter,John Dexter,NJ
1793,Samuel K Bradford,Samuel Bradford,NJ
1794,John R Livingston,John Livingston,NJ
1795,Robert R Randall,Robert Randall,NJ
1796,William Smith,William P Smith,NJ
1797,Henry Livingston,Henry G Livingston,NJ
1798,George Carrington,George Carrington Jr,NJ
1799,William Smith,William O. Smith,NJ
1800,John P Thomas,John Thomas,NJ
1801,William Smith,William D Smith,NJ
1802,Robert C Livingston,Robert Livingston,NJ
1803,John Thompson Mason,John Thompson,NJ
1804,John Brooke,John Tin. Brooke,NJ
1805,Garret John,John Garret,NJ
1806,Abraham Lansing,Abraham A. Lansing,NJ
1807,Thomas O Elliott,Thomas Elliott,NJ
1808,John E Howard,John Howard,NJ
1809,William W Morris,William Morris,NJ
1810,Benjamin Ruffin,Benjamin Ruffin Jr,NJ
1811,John Bleecker,John Jay Bleecker,NJ
1812,John Bleecker,John N. Bleecker,NJ
1813,Philip Schuyler,Philip P Schuyler,NJ
1814,John Jacob Lansing,Jacob Lansing,NJ
2034,Christopher Johnston,Christopher Johnson,PA
2035,John Jacob Lansing,John Jacob Lansingh,PA
2036,John R Livingston,John R. Livingston,PA
2037,Nicholas Roosevelt,Nicholas Rosevelt,PA
2038,Mary Brinkerhoff,Mary Brinckerhoff,PA
2039,Benjamin Johnson,Benjamin Johnston,PA
2041,Nathaniel Steele,Nathaniel Seele,PA
2042,Ebenezer Storer,Ebenzer Storer,PA
2044,Mathew Pearson,Matthew Pearson,PA
2045,Leonard Bronk,Leonard Bronck,PA
2046,John Hamilton,John Hammilton,PA
2047,George Mofatt,George Moffatt,PA
2049,William Price,William Prince,PA
2051,William Crooke,William Crook,PA
2052,John Robinson,John Robbinson,PA
2053,William Hines,William Haines,PA
2054,William Harvey,William Harvy,PA
2055,Thomas Colson,Thomas Colston,PA
2056,Samuel Hayes,Samuel Haynes,PA
2057,Joseph Young,Joseph Youngs,PA
2058,James Wilson,James Willson,PA
2059,Joseph Clarke,Joseph Clark,PA
2061,John Stricker,John Striker,PA
2065,Wiliam Bryan,William Bryan,PA
2066,Thomas Jones,Thomas Johnes,PA
2067,David Stuart,David Steuart,PA
2068,John Herdman,John Herman,PA
2069,David Evans,David Devans,PA
2070,John Wilson,John Willson,PA
2071,John Brown,John Browne,PA
2072,John Craig,John Craige,PA
2073,John Olden,John Golden,PA
2075,James Henry,Henry James,PA
2076,John S Dexter,John Dexter,PA
2078,Garret John,John Garret,PA
2080,Thomas L Moore,Thomas Moore,PA
2081,Jonathan B Smith,Jonathan Smith,PA
2082,Richard M Scott,Richard Scott,PA
2083,Benjamin Ruffin,Benjamin Ruffin Jr,PA
2084,Robert C Livingston,Robert Livingston,PA
2087,John Jacob Lansing,Jacob Lansing,PA
2088,John R Livingston,John Livingston,PA
2089,George Carrington,George Carrington Jr,PA
2090,John R B Rogers,John Rogers,PA
2091,Abraham Lansing,Abraham A. Lansing,PA
2092,Robert R Randall,Robert Randall,PA
2093,Samuel K Bradford,Samuel Bradford,PA
2094,Thomas O Elliott,Thomas Elliott,PA
2097,Philip Schuyler,Philip P Schuyler,PA
2098,Richard E Lee,Richard Lee,PA
2099,John Carter,John Carter jr,PA
2100,John Bleecker,John N. Bleecker,PA
2101,John Bleecker,John Jay Bleecker,PA
2102,William W Morris,William Morris,PA
2103,Henry Livingston,Henry G Livingston,PA
2367,Christopher Johnston,Christopher Johnson,DE
2368,John Jacob Lansing,John Jacob Lansingh,DE
2369,John R Livingston,John R. Livingston,DE
2370,Nicholas Roosevelt,Nicholas Rosevelt,DE
2371,Benjamin Johnson,Benjamin Johnston,DE
2372,Mary Brinkerhoff,Mary Brinckerhoff,DE
2373,Wiliam Alexander,William Alexander,DE
2374,Dietrick Metzner,Detrick Metzner,DE
2375,Nathaniel Steele,Nathaniel Seele,DE
2376,Mathew Pearson,Matthew Pearson,DE
2377,Thomas Thornton,Thomas Thorton,DE
2378,Ebenezer Storer,Ebenzer Storer,DE
2379,William Sherer,William Shearer,DE
2380,William Bingham,William Bigham,DE
2381,Phillip Gardner,Philip Gardner,DE
2382,Nicholas Cruger,Nicolas Cruger,DE
2383,George Mofatt,George Moffatt,DE
2384,William Price,William Prince,DE
2385,William Crooke,William Crook,DE
2386,Thomas Colson,Thomas Colston,DE
2387,John Robinson,John Robbinson,DE
2388,William Harvey,William Harvy,DE
2389,Leonard Bronk,Leonard Bronck,DE
2390,William Rogers,William Roger,DE
2391,James Johnston,James Johnson,DE
2392,William  Sharp,William Sharp,DE
2393,William Brown,William Browne,DE
2394,Helena Bogart,Helenah Bogart,DE
2395,Helena Bogart,Helenat Bogart,DE
2396,William Hines,William Haines,DE
2397,David Stuart,David Steuart,DE
2398,Joseph Clarke,Joseph Clark,DE
2399,John Thompson,John Tompson,DE
2400,Wiliam White,William White,DE
2401,Joseph Young,Joseph Youngs,DE
2402,Thomas Jones,Thomas Johnes,DE
2403,James Huston,James Houston,DE
2404,Robert Means,Robert Mearns,DE
2405,Wiliam Bryan,William Bryan,DE
2406,Thomas Reber,Thomas Reuber,DE
2407,John Brooke,John Brooker,DE
2408,John Herdman,John Herman,DE
2409,John Cropper,John Copper,DE
2410,John Coburn,John Coburne,DE
2411,John Wharton,John Harton,DE
2412,John Wilson,John Willson,DE
2413,John Brooke,John Brook,DE
2414,John Brown,John Browne,DE
2415,John Barker,John Baker,DE
2416,John Holmes,John Holms,DE
2417,Mary Porter,Mary Poter,DE
2418,John Brooke,John Tin. Brooke,DE
2419,James Henry,Henry James,DE
2420,John S Dexter,John Dexter,DE
2422,John Smith,John Nic Smith,DE
2423,Richard M Scott,Richard Scott,DE
2424,Jonathan B Smith,Jonathan Smith,DE
2425,John R Livingston,John Livingston,DE
2426,Benjamin Ruffin,Benjamin Ruffin Jr,DE
2427,William Smith,William O. Smith,DE
2428,Thomas Mifflin  Ex,Thomas Mifflin,DE
2429,Robert C Livingston,Robert Livingston,DE
2430,George Carrington,George Carrington Jr,DE
2431,John Jacob Lansing,Jacob Lansing,DE
2432,John R B Rogers,John Rogers,DE
2433,Robert R Randall,Robert Randall,DE
2434,John L Hunn,John Hunn,DE
2435,William Smith,William P Smith,DE
2436,William Smith,William D Smith,DE
2437,Abraham Lansing,Abraham A. Lansing,DE
2438,John E Howard,John Howard,DE
2439,John P Thomas,John Thomas,DE
2440,Samuel K Bradford,Samuel Bradford,DE
2441,Philip Schuyler,Philip P Schuyler,DE
2442,Henry Livingston,Henry G Livingston,DE
2443,John Bleecker,John N. Bleecker,DE
2444,John Bleecker,John Jay Bleecker,DE
2445,John Carter,John Carter jr,DE
2447,Thomas O Elliott,Thomas Elliott,DE
2448,Richard E Lee,Richard Lee,DE
2722,Christopher Johnston,Christopher Johnson,MD
2723,John Jacob Lansing,John Jacob Lansingh,MD
2724,John R Livingston,John R. Livingston,MD
2725,Nicholas Roosevelt,Nicholas Rosevelt,MD
2726,Benjamin Johnson,Benjamin Johnston,MD
2727,Wiliam Alexander,William Alexander,MD
2728,Mary Brinkerhoff,Mary Brinckerhoff,MD
2729,Nathaniel Steele,Nathaniel Seele,MD
2730,Dietrick Metzner,Detrick Metzner,MD
2731,William Matthews,William Mathews,MD
2732,Mathew Pearson,Matthew Pearson,MD
2733,Phillip Gardner,Philip Gardner,MD
2734,William Miller,William Millner,MD
2735,Thomas Thornton,Thomas Thorton,MD
2736,William Bingham,William Bigham,MD
2737,William Sherer,William Shearer,MD
2738,Nicholas Cruger,Nicolas Cruger,MD
2739,Ebenezer Storer,Ebenzer Storer,MD
2740,Helena Bogart,Helenat Bogart,MD
2741,James Johnston,James Johnson,MD
2742,William Faris,William Farris,MD
2743,Robert Gilmor,Robert Gilmore,MD
2744,William  Sharp,William Sharp,MD
2745,Helena Bogart,Helenah Bogart,MD
2746,William Hines,William Haines,MD
2747,John Robinson,John Robbinson,MD
2748,Thomas Colson,Thomas Colston,MD
2749,John Hamilton,John Hammilton,MD
2750,William Brown,William Browne,MD
2751,William Harvey,William Harvy,MD
2752,William Price,William Prince,MD
2753,Sarah Marshall,Sarah Marshal,MD
2754,Leonard Bronk,Leonard Bronck,MD
2755,William Rogers,William Roger,MD
2756,Samuel Sterett,Samuel Steret,MD
2757,William Crooke,William Crook,MD
2758,Henry Gardiner,Henry Gardner,MD
2759,John Williams,John William,MD
2760,Daniel Clarke,Daniel Clark,MD
2761,Peter Hoffman,Peter Hofman,MD
2762,Wiliam Bryan,William Bryan,MD
2763,Robert Means,Robert Mearns,MD
2764,John Davidson,John Davison,MD
2765,Thomas Waters,Thomas Water,MD
2766,Thomas Beatty,Thomas Beaty,MD
2767,James Huston,James Houston,MD
2768,John Williams,John Wiliams,MD
2769,Thomas Jones,Thomas Johnes,MD
2770,Joseph Clarke,Joseph Clark,MD
2771,Thomas Reber,Thomas Reuber,MD
2772,Joseph Young,Joseph Youngs,MD
2773,Wiliam White,William White,MD
2774,John Thompson,John Tompson,MD
2775,Joshua Howard,Josua Howard,MD
2776,John Brooke,John Brooker,MD
2777,John Herdman,John Herman,MD
2778,John Wharton,John Harton,MD
2779,John Wilson,John Willson,MD
2780,John Cropper,John Copper,MD
2781,John Summers,John Summer,MD
2782,John Coburn,John Coburne,MD
2783,Jacob Walter,Jacob Alter,MD
2784,John Holmes,John Holms,MD
2786,Mary Porter,Mary Poter,MD
2787,John Brooke,John Brook,MD
2788,John Brown,John Browne,MD
2789,John Smith,John Nic Smith,MD
2790,John S Dexter,John Dexter,MD
2791,Garret John,John Garret,MD
2792,Thomas O Elliott,Thomas Elliott,MD
2793,Jonathan B Smith,Jonathan Smith,MD
2794,John Brooke,John Tin. Brooke,MD
2795,Alexander Lawson Smith,Alexander Smith,MD
2796,John Thompson Mason,John Thompson,MD
2797,James Henry,Henry James,MD
2798,Richard M Scott,Richard Scott,MD
2799,William Smith,William D Smith,MD
2800,Thomas Mifflin  Ex,Thomas Mifflin,MD
2801,Robert R Randall,Robert Randall,MD
2802,Abraham Lansing,Abraham A. Lansing,MD
2803,William Smith,William P Smith,MD
2804,George Carrington,George Carrington Jr,MD
2805,John L Hunn,John Hunn,MD
2806,Philip Schuyler,Philip P Schuyler,MD
2807,John Jacob Lansing,Jacob Lansing,MD
2809,John Bleecker,John N. Bleecker,MD
2810,Robert C Livingston,Robert Livingston,MD
2811,William W Morris,William Morris,MD
2812,Henry Livingston,Henry G Livingston,MD
2813,John R Livingston,John Livingston,MD
2814,Sam Smith,Sam S Smith,MD
2815,Samuel Jn Smith,Samuel Smith,MD
2816,John Ashton,John Ashton Jr,MD
2817,John E Howard,John Howard,MD
2818,Samuel K Bradford,Samuel Bradford,MD
2819,William Miller,William F Miller,MD
2821,Benjamin Ruffin,Benjamin Ruffin Jr,MD
2822,William Smith,William O. Smith,MD
2823,John Williams,John Davis Williams,MD
2824,John Williams,John F Williams,MD
2825,John Williams,John M Williams,MD
2827,Richard E Lee,Richard Lee,MD
2828,John Carter,John Carter jr,MD
2829,John Bleecker,John Jay Bleecker,MD
3055,Christopher Johnston,Christopher Johnson,VA
3056,John Jacob Lansing,John Jacob Lansingh,VA
3057,John R Livingston,John R. Livingston,VA
3058,Nicholas Roosevelt,Nicholas Rosevelt,VA
3059,Wiliam Alexander,William Alexander,VA
3060,Mary Brinkerhoff,Mary Brinckerhoff,VA
3061,Nathaniel Steele,Nathaniel Seele,VA
3062,Dietrick Metzner,Detrick Metzner,VA
3063,Thomas Thornton,Thomas Thorton,VA
3064,Ebenezer Storer,Ebenzer Storer,VA
3065,Phillip Gardner,Philip Gardner,VA
3066,William Bingham,William Bigham,VA
3067,Nicholas Cruger,Nicolas Cruger,VA
3068,William Sherer,William Shearer,VA
3069,William Hines,William Haines,VA
3070,William Crooke,William Crook,VA
3071,Helena Bogart,Helenat Bogart,VA
3072,Leonard Bronk,Leonard Bronck,VA
3073,William Rogers,William Roger,VA
3074,Helena Bogart,Helenah Bogart,VA
3075,Michael Burke,Michael Bourke,VA
3076,William Brown,William Browne,VA
3077,William  Sharp,William Sharp,VA
3078,George Mofatt,George Moffatt,VA
3079,John Robinson,John Robbinson,VA
3080,John Hamilton,John Hammilton,VA
3081,James Johnston,James Johnson,VA
3082,David Chambers,David Chamber,VA
3083,William Price,William Prince,VA
3084,David Stuart,David Steuart,VA
3085,James Huston,James Houston,VA
3086,Robert Means,Robert Mearns,VA
3087,Thomas Jones,Thomas Johnes,VA
3088,Thomas Reber,Thomas Reuber,VA
3089,John Thompson,John Tompson,VA
3090,Wiliam White,William White,VA
3091,Joseph Clarke,Joseph Clark,VA
3092,Joseph Young,Joseph Youngs,VA
3093,John Cropper,John Copper,VA
3094,John Brooke,John Brooker,VA
3095,John Herdman,John Herman,VA
3096,John Wilson,John Willson,VA
3097,John Wharton,John Harton,VA
3098,John Coburn,John Coburne,VA
3099,Mary Porter,Mary Poter,VA
3100,John Holmes,John Holms,VA
3101,John Brown,John Browne,VA
3102,John Barker,John Baker,VA
3103,John Brooke,John Brook,VA
3104,Garret John,John Garret,VA
3105,John Brooke,John Tin. Brooke,VA
3106,John Smith,John Nic Smith,VA
3107,John L Hunn,John Hunn,VA
3108,John Jacob Lansing,Jacob Lansing,VA
3109,Henry Livingston,Henry G Livingston,VA
3110,Jonathan B Smith,Jonathan Smith,VA
3111,Robert C Livingston,Robert Livingston,VA
3112,William Smith,William P Smith,VA
3113,Richard M Scott,Richard Scott,VA
3114,Philip Schuyler,Philip P Schuyler,VA
3115,William Smith,William D Smith,VA
3117,James Henry,Henry James,VA
3118,William Smith,William O. Smith,VA
3119,Abraham Lansing,Abraham A. Lansing,VA
3120,John R Livingston,John Livingston,VA
3121,Samuel K Bradford,Samuel Bradford,VA
3122,Robert R Randall,Robert Randall,VA
3123,John R B Rogers,John Rogers,VA
3124,Thomas Mifflin  Ex,Thomas Mifflin,VA
3125,John E Howard,John Howard,VA
3127,John S Dexter,John Dexter,VA
3128,John Bleecker,John Jay Bleecker,VA
3129,John Bleecker,John N. Bleecker,VA
3130,John P Thomas,John Thomas,VA
27,Eliphalet Ladd,Eliphalett Ladd,NH
28,Barnet Akerman,Barnett Akerman,NH
29,George Gains,George Gaines,NH
31,Henry Sherburne transfer from the register of the treasury ,Henry Sherburne,NH
68,Nathaniel Green,Nathaniel Greene,MA
69,Elbridge Gerry,Eldbridge Gerry,MA
70,Michael Hodge,Michael Hodges,MA
71,Samuel White,Samuel Whiten,MA
74,Samuel Tufts,Samuel Tuffts,MA
75,John Coburn,John Colburn,MA
78,Edward Williams,edward p williams,MA
80,Wiliam Bryan,William Bryant,MA
81,John Parker as Gaurdian ,John Parker,MA
84,John Warren Transferred from the Register ,John Warren,MA
86,John Eddy transfer from Register ,John Eddy,MA
183,Jedediah Huntington,Jeddediah Huntington,CT
185,Gurdon Saltonstall,Gurdon Salstonstall,CT
186,Jonathan Trumbull,Jonathan Trumbul,CT
187,William Olmsted,William Olmstead,CT
188,Charles Eldridge,Charles Eldidge,CT
189,Thaddeus Leavitt,Thaddeus Leavit,CT
190,Solomon Wadham,Solomon Wadhams,CT
192,Joseph Buckley,Joseph Buckey,CT
194,John Thompson,John Thomson,CT
195,Joseph Knight,Joseph Night,CT
196,Matthew Sears,Mathew Sears,CT
199,Samuel Huntington III,Samuel Huntington,CT
203,Daniel L Coit,Daniel Coit,CT
204,John Graham,John A Graham,CT
206,John Rogers Transferred from the Register of the Treasury ,John Rogers,CT
207,John Thompson Mason,John Thomson,CT
208,John Laird And Thomas Dick ,John Thomas,CT
209,Matthew Watson from the office of William Imlay Connecticut ,William Watson,CT
283,Abraham Brinkerhoff,Abraham Brinckerhoff,NY
284,William Douglass,William Douglas,NY
285,William Crooke,William Crooker,NY
286,Marinus Willett,Marinu Willett,NY
287,William Parsons,William Parson,NY
288,William Wilson,William Willson,NY
289,Joseph Johnson,Joseph Johnston,NY
290,Stephen Field,Stephen Fields,NY
291,William Barret,William Barre,NY
292,Ralph Phillips,Ralph Philips,NY
293,John Buchanan,John Buchannan,NY
294,Joseph Hallett,Joseph Hallet,NY
297,John Johnson,John Johnston,NY
298,John Robinson,John Robison,NY
301,John Jacob Beekman,Jacob Beekman,NY
303,George Jackson,George H Jackson,NY
304,Abraham Lansing,Abraham G Lansing,NY
307,John Smith,John L Smith,NY
311,Abraham Lansing,Abraham H Lansing,NY
312,Abraham Lansing,Abraham A Lansingh,NY
313,Anthony L Bleecker,Anthony Bleeker,NY
315,John Adams  Trustees of the Sinking Fund,John Adams,NY
316,James Brown Executor Hugh Patton ,James Brown,NY
317,James Brown in Trust for St George Tuker ,James Brown,NY
318,James Johnston John McDowell,James Johnston,NY
319,James Brown in trust,James Brown,NY
320,John Warner transferred from Register ,John Warner,NY
321,Robert Ross Waddell,Robert Ross,NY
322,John N Blecker,John Bleecker,NY
323,Edward Williams,William Edwards,NY
324,John N Blecker,John Becker,NY
325,James Johnston John McDowell,John Johnston,NY
326,Ann Selden  Executors Samuel Selden deceased,Samuel Shelden,NY
385,John Chamberlain,John Chamberlin,NJ
386,William Barret,William Barrett,NJ
387,William Wilson,William Willson,NJ
388,John Johnson,John Johnston,NJ
389,John Thompson,John Thomson,NJ
395,Jonathan Dayton,Jonathan I Dayton,NJ
396,William Smith,William L Smith,NJ
398,Wiliam Bryan,William Bryant,NJ
400,James Brown in Trust for St George Tuker ,George Tuker,NJ
403,Robert Andrews treasuer,Robert Andrews,NJ
406,William Smith,William Lovett Smith,NJ
407,James Johnston John McDowell,John James,NJ
408,James Brown in Trust for St George Tuker ,George Brown,NJ
409,Matthew Watson from the office of William Imlay Connecticut ,William Matthews,NJ
452,William Elliot,William Elliott,PA
453,John Johnson,John Johnston,PA
454,John Lockhart,John Lockart,PA
455,John Lockhart,John Lochart,PA
456,John O'Connor,John Connor,PA
459,James Johnston John McDowell,John Johnston,PA
460,James Moore,James Farncis Moore,PA
461,John Thompson Mason,John Mason,PA
462,Matthew Watson from the office of William Imlay Connecticut ,William Wason,PA
673,Matthew Fitzwater,Mathew Fitzwater,PA
674,Blair McClenahan,Blair McClenachan,PA
675,Matthew McConnell,Mathew McConnell,PA
676,Richard Johnston,Richard Johnson,PA
677,Matthew VanLear,Mathew Vanlear,PA
678,William Edmonds,William Edmond,PA
679,Frederick Antis,Fredrick Antis,PA
680,Diedrick Gaumer,Dedrick Gaumer,PA
681,Gabriel Heister,Gabriel Hester,PA
682,William Cabell,William Cambell,PA
683,George Douglass,George Douglas,PA
684,William Martin,William Martain,PA
685,William Broades,William Broads,PA
686,William Findley,William Finley,PA
687,Jonathan Smith,Jonathn Smith,PA
688,Robert Bridges,Robert Bridge,PA
690,James Campbell,James Cambell,PA
691,William Horner,William Horne,PA
693,Hannah Duton,Hannah Dutton,PA
694,Daniel Snyder,Daniel Snyer,PA
695,John Thompson,John Thomson,PA
696,Thomas Ridley,Thomas Riley,PA
697,George Aston,George Easton,PA
699,John Robinson,John Robison,PA
702,Isaac Craige,Isaac Craig,PA
703,James Heron,James Herron,PA
704,Jacob Frank,Jacob Franks,PA
705,Jacob Winey,Jacob Winney,PA
710,John Creigh,John Reigh,PA
711,John Rhoads,John Roads,PA
714,Thomas Francis,Francis Thomas,PA
715,Jonathan Smith,Jonathan B Smith,PA
720,Henry Huttenstein,Henry Hottenstein,PA
721,Simon Bennett,Simeon Bennet,PA
722,Peter Williams,William Peter,PA
723,Garret John,John Garrett,PA
724,John Rogers Transferred from the Register of the Treasury ,John Rogers,PA
725,John Rogers Transferred from the Register of the Treasury ,John Roger,PA
726,Christopher Ellery transfer ,Christopher Ellery,PA
727,James Morris,James Morris Jones,PA
728,James Johnston John McDowell,James Johnston,PA
729,James Brown Executor Hugh Patton ,James Brown,PA
730,James Brown in trust,James Brown,PA
731,James Brown in Trust for St George Tuker ,James Brown,PA
734,James Mercer for Samuel Seldens Wars ,James Mercer,PA
735,Jonathan B Smith,Jonathn Smith,PA
739,Matthew Watson from the office of William Imlay Connecticut ,William Watson,PA
740,William Smith,William Hooker Smith,PA
741,James Brown in Trust for St George Tuker ,George Brown,PA
742,James Gordon Heron,James Herron,PA
754,James Johnston John McDowell,John James,DE
65,Nathaniel Green,Nathaniel Greene,NH
66,Joshua Brackett,Joshua Bracket,NH
67,Samuel White,Samuel Whiten,NH
70,John Coburn,John Colburn,NH
72,John Lane,John Mc Lane,NH
73,John Lane,John M Lane,NH
74,Edward Williams,edward p williams,NH
88,John Thompson,John Thomson,NH
91,John Graham,John A Graham,NH
169,Abraham Brinkerhoff,Abraham Brinckerhoff,NH
170,William Douglass,William Douglas,NH
171,Joseph Johnson,Joseph Johnston,NH
172,William Wilson,William Willson,NH
173,William Crooke,William Crooker,NH
174,William Parsons,William Parson,NH
175,Marinus Willett,Marinu Willett,NH
176,Joseph Hallett,Joseph Hallet,NH
177,William Barret,William Barre,NH
178,Ralph Phillips,Ralph Philips,NH
179,John Buchanan,John Buchannan,NH
182,John Robinson,John Robison,NH
183,John Johnson,John Johnston,NH
185,John Jacob Beekman,Jacob Beekman,NH
187,Abraham Lansing,Abraham H Lansing,NH
188,Abraham Lansing,Abraham G Lansing,NH
193,John Smith,John L Smith,NH
194,George Jackson,George H Jackson,NH
251,William Barret,William Barrett,NH
257,Jonathan Dayton,Jonathan I Dayton,NH
258,William Smith,William L Smith,NH
338,John Thompson,John Thomson,MA
340,John Graham,John A Graham,MA
422,Abraham Brinkerhoff,Abraham Brinckerhoff,MA
423,William Douglass,William Douglas,MA
424,Marinus Willett,Marinu Willett,MA
425,William Crooke,William Crooker,MA
426,William Parsons,William Parson,MA
427,Joseph Johnson,Joseph Johnston,MA
428,William Wilson,William Willson,MA
429,William Barret,William Barre,MA
430,William Davis,William Davids,MA
431,Ralph Phillips,Ralph Philips,MA
432,John Buchanan,John Buchannan,MA
433,Joseph Hallett,Joseph Hallet,MA
435,John Johnson,John Johnston,MA
436,John Robinson,John Robison,MA
440,John Fisher,John Fishear,MA
441,John Jacob Beekman,Jacob Beekman,MA
443,John Smith,John L Smith,MA
444,George Jackson,George H Jackson,MA
446,Abraham Lansing,Abraham H Lansing,MA
450,Abraham Lansing,Abraham G Lansing,MA
509,William Barret,William Barrett,MA
517,William Smith,William L Smith,MA
518,Jonathan Dayton,Jonathan I Dayton,MA
589,Nathaniel Green,Nathaniel Greene,CT
592,John Humphrey,John Humprey,CT
593,Samuel White,Samuel Whiten,CT
594,John Coburn,John Colburn,CT
598,Edward Williams,edward p williams,CT
600,Samuel P Lord,Samuel Lord,CT
832,Abraham Brinkerhoff,Abraham Brinckerhoff,CT
833,William Douglass,William Douglas,CT
834,William Crooke,William Crooker,CT
835,Marinus Willett,Marinu Willett,CT
836,William Parsons,William Parson,CT
837,William Wilson,William Willson,CT
838,Joseph Johnson,Joseph Johnston,CT
839,Ralph Phillips,Ralph Philips,CT
840,John Buchanan,John Buchannan,CT
841,Joseph Hallett,Joseph Hallet,CT
842,William Barret,William Barre,CT
843,John Johnson,John Johnston,CT
846,John Robinson,John Robison,CT
847,John Humphrey,John Humphry,CT
855,John Smith,John L Smith,CT
857,Abraham Lansing,Abraham H Lansing,CT
858,James Clark,James D Clark,CT
860,Abraham Lansing,Abraham G Lansing,CT
862,John Jacob Beekman,Jacob Beekman,CT
863,William Williams,William Mc Williams,CT
866,John Williams,John Mc Williams,CT
867,George Jackson,George H Jackson,CT
944,William Barret,William Barrett,CT
946,Thomas Edgars,Thomas Edgar,CT
952,William Hart,William D Hart,CT
955,Jonathan Dayton,Jonathan I Dayton,CT
956,William Smith,William L Smith,CT
997,Nathaniel Green,Nathaniel Greene,NY
998,Samuel White,Samuel Whiten,NY
1001,John Coburn,John Colburn,NY
1003,Edward Williams,edward p williams,NY
1015,John Thompson,John Thomson,NY
1017,John Graham,John A Graham,NY
1176,William Barret,William Barrett,NY
1183,Jonathan Dayton,Jonathan I Dayton,NY
1185,William Smith,William L Smith,NY
1223,Nathaniel Green,Nathaniel Greene,NJ
1224,Samuel White,Samuel Whiten,NJ
1227,John Coburn,John Colburn,NJ
1229,Edward Williams,edward p williams,NJ
1243,John Graham,John A Graham,NJ
1320,Abraham Brinkerhoff,Abraham Brinckerhoff,NJ
1321,William Douglass,William Douglas,NJ
1322,William Parsons,William Parson,NJ
1323,Joseph Johnson,Joseph Johnston,NJ
1324,Marinus Willett,Marinu Willett,NJ
1325,William Crooke,William Crooker,NJ
1327,Ralph Phillips,Ralph Philips,NJ
1328,John Buchanan,John Buchannan,NJ
1329,William Barret,William Barre,NJ
1330,Joseph Hallett,Joseph Hallet,NJ
1333,John Robinson,John Robison,NJ
1338,John Smith,John L Smith,NJ
1339,Abraham Lansing,Abraham G Lansing,NJ
1340,George Jackson,George H Jackson,NJ
1341,John Jacob Beekman,Jacob Beekman,NJ
1343,Abraham Lansing,Abraham H Lansing,NJ
1471,Nathaniel Green,Nathaniel Greene,PA
1472,Samuel White,Samuel Whiten,PA
1475,John Coburn,John Colburn,PA
1476,John Story,John Storey,PA
1478,John Olden,John Holden,PA
1479,Edward Williams,edward p williams,PA
1501,John Graham,John A Graham,PA
1601,Abraham Brinkerhoff,Abraham Brinckerhoff,PA
1602,William Douglass,William Douglas,PA
1603,Marinus Willett,Marinu Willett,PA
1604,William Parsons,William Parson,PA
1605,William Crooke,William Crooker,PA
1606,William Wilson,William Willson,PA
1607,Joseph Johnson,Joseph Johnston,PA
1608,William Barret,William Barre,PA
1609,Abraham Mosser,Abraham Osser,PA
1610,William Hayes,William Haynes,PA
1611,Ralph Phillips,Ralph Philips,PA
1612,John Buchanan,John Buchannan,PA
1613,Joseph Hallett,Joseph Hallet,PA
1623,John Creigh,John Creig,PA
1627,John West,John Van West,PA
1628,John Smith,John L Smith,PA
1629,George Jackson,George H Jackson,PA
1630,John Jacob Beekman,Jacob Beekman,PA
1632,Abraham Lansing,Abraham H Lansing,PA
1633,Abraham Lansing,Abraham G Lansing,PA
1718,William Barret,William Barrett,PA
1720,James Davidson,James Davison,PA
1728,David Jones,David Johnes,PA
1729,James Irvine,James Irvin,PA
1735,Jonathan Dayton,Jonathan I Dayton,PA
1736,William Smith,William L Smith,PA
1865,Peter Williams,Peter William,PA
1866,James Morris,James Morriss,PA
1951,Nathaniel Green,Nathaniel Greene,DE
1952,Samuel White,Samuel Whiten,DE
1955,John Coburn,John Colburn,DE
1957,Edward Williams,edward p williams,DE
1969,John Thompson,John Thomson,DE
1971,John Graham,John A Graham,DE
2045,Abraham Brinkerhoff,Abraham Brinckerhoff,DE
2046,William Douglass,William Douglas,DE
2047,William Wilson,William Willson,DE
2048,Marinus Willett,Marinu Willett,DE
2049,Joseph Johnson,Joseph Johnston,DE
2050,William Crooke,William Crooker,DE
2051,William Parsons,William Parson,DE
2052,John Buchanan,John Buchannan,DE
2053,Joseph Hallett,Joseph Hallet,DE
2054,William Barret,William Barre,DE
2055,Ralph Phillips,Ralph Philips,DE
2057,John Johnson,John Johnston,DE
2058,John Robinson,John Robison,DE
2061,John Jacob Beekman,Jacob Beekman,DE
2063,Abraham Lansing,Abraham H Lansing,DE
2064,Abraham Lansing,Abraham G Lansing,DE
2069,John Smith,John L Smith,DE
2070,George Jackson,George H Jackson,DE
2124,William Barret,William Barrett,DE
2129,William Smith,William L Smith,DE
2130,Jonathan Dayton,Jonathan I Dayton,DE
2175,Nathaniel Green,Nathaniel Greene,MD
2177,Samuel White,Samuel Whiten,MD
2180,John Coburn,John Colburn,MD
2183,John H Stone,John Stone,MD
2184,Edward Williams,edward p williams,MD
2197,John Thompson,John Thomson,MD
2204,John Graham,John A Graham,MD
2290,Abraham Brinkerhoff,Abraham Brinckerhoff,MD
2291,William Douglass,William Douglas,MD
2292,Joseph Johnson,Joseph Johnston,MD
2293,William Wilkins,Wiliam Wilkins,MD
2294,William Parsons,William Parson,MD
2295,Robert Johnson,Robert Johnston,MD
2296,William Crooke,William Crooker,MD
2297,Marinus Willett,Marinu Willett,MD
2298,William Wilson,William Willson,MD
2299,Joseph Hallett,Joseph Hallet,MD
2300,Ralph Phillips,Ralph Philips,MD
2301,William Barret,William Barre,MD
2302,John Buchanan,John Buchannan,MD
2303,John Johnson,John Johnston,MD
2304,John Robinson,John Robison,MD
2308,John Bennett,John Bennet,MD
2310,John Smith,John L Smith,MD
2313,William Williams,William Mc Williams,MD
2314,John Williams,John Mc Williams,MD
2317,John Jacob Beekman,Jacob Beekman,MD
2318,Abraham Lansing,Abraham H Lansing,MD
2319,Abraham Lansing,Abraham G Lansing,MD
2324,George Jackson,George H Jackson,MD
2383,William Barret,William Barrett,MD
2394,William Smith,William L Smith,MD
2398,Jonathan Dayton,Jonathan I Dayton,MD
2408,William Patterson,William Paterson,MD
2412,Daniel Jenifer,Daniel Jenifer Adams,MD
2438,Nathaniel Green,Nathaniel Greene,VA
2439,Samuel White,Samuel Whiten,VA
2442,John Coburn,John Colburn,VA
2444,Edward Williams,edward p williams,VA
2456,John Thompson,John Thomson,VA
2458,John Graham,John A Graham,VA
2532,Abraham Brinkerhoff,Abraham Brinckerhoff,VA
2533,William Douglass,William Douglas,VA
2534,William Wilson,William Willson,VA
2535,Marinus Willett,Marinu Willett,VA
2536,Joseph Johnson,Joseph Johnston,VA
2537,William Crooke,William Crooker,VA
2538,William Parsons,William Parson,VA
2539,John Buchanan,John Buchannan,VA
2540,Joseph Hallett,Joseph Hallet,VA
2541,William Barret,William Barre,VA
2542,Ralph Phillips,Ralph Philips,VA
2544,John Johnson,John Johnston,VA
2545,John Robinson,John Robison,VA
2548,John Jacob Beekman,Jacob Beekman,VA
2550,Abraham Lansing,Abraham H Lansing,VA
2551,Abraham Lansing,Abraham G Lansing,VA
2556,John Smith,John L Smith,VA
2557,George Jackson,George H Jackson,VA
2611,William Barret,William Barrett,VA
2616,William Smith,William L Smith,VA
2617,Jonathan Dayton,Jonathan I Dayton,VA
179,Richard Johnston,Richard Johnson,NH
182,William Price,William Preice,NH
183,Joseph Ashton,Joseph Asheton,NH
185,Michael Smith,Michal Smith,NH
186,John Whitman,John Whiteman,NH
187,John Greenley,John Greeley,NH
192,James Brown,James Browne,NH
193,Matthew Rhea,Mathew Rhea,NH
194,John Ryland,John Rylands,NH
197,John Rhoads,John Roads,NH
198,John Taylor,John Tylor,NH
199,John Murray,John Murry,NH
200,John Taylor,John 2d Taylor,NH
201,John Carter,John 2d Carter,NH
202,John Brown,John 2d Brown,NH
203,John Smith,John K Smith,NH
204,John Smith,John C Smith,NH
205,John Smith,John 4th Smith,NH
207,John Smith,John 3d Smith,NH
208,John Smith,John 2d Smith,NH
209,John Smith,John 1st Smith,NH
211,William Smith,William V Smith,NH
213,James Smith,James 4th Smith,NH
215,William Smith,William S Smith,NH
217,William Smith,William J Smith,NH
220,James Smith,James 3d Smith,NH
221,James Henry,James M'Henry,NH
222,Jacob Brown,Jacob R Brown,NH
224,John Wilson,John 2d Wilson,NH
225,James Gray,James W Gray,NH
226,William Wallace,William B Wallace,NH
228,George Frost,George P Frost,NH
429,William Robertson,William Roberson,MA
431,Richard Johnston,Richard Johnson,MA
433,Charles Sheldon,Charles Seldon,MA
434,Jonathan Clark,Jonathan Clarke,MA
438,Joseph Stephen,Joseph Stephens,MA
439,George Stanley,George Standley,MA
440,William Crooke,William Cooke,MA
441,William Price,William Preice,MA
442,Joseph Ashton,Joseph Asheton,MA
445,Joseph Clarke,Joseph Clare,MA
447,David Choate,David Choates,MA
449,John Whitman,John Whiteman,MA
452,Phillip Brown,Philip Brown,MA
453,John Greenley,John Greeley,MA
454,Michael Smith,Michal Smith,MA
456,Joseph Hardy,Joseph Hardey,MA
457,John Randall,John Randal,MA
458,James Brown,James Browne,MA
459,Matthew Rhea,Mathew Rhea,MA
460,James Taylor,James Tylor,MA
461,John Ryland,John Rylands,MA
462,Joel Chapin,Joel Chapino,MA
464,John Rhoads,John Roads,MA
465,John Taylor,John Tylor,MA
466,John Mason,John Manson,MA
467,John Steel,John Steele,MA
469,William Wallace,William B Wallace,MA
470,John Smith,John 3d Smith,MA
472,John Smith,John 4th Smith,MA
474,John Smith,John 1st Smith,MA
476,Charles Lewis,Lewis Charles,MA
477,John Smith,John 2d Smith,MA
478,John Smith,John C Smith,MA
479,John Smith,John K Smith,MA
480,James Brown,James 1st Brown,MA
481,John Wilson,John 2d Wilson,MA
482,James Smith,James 1st Smith,MA
483,James Brown,James 2d Brown,MA
484,John Taylor,John 2d Taylor,MA
486,John Brown,John 2d Brown,MA
487,Samuel Smith,Samuel 2d Smith,MA
489,James Smith,James 4th Smith,MA
490,James Carter,James M'Carter,MA
491,James Smith,James 3d Smith,MA
492,James Smith,James 2d Smith,MA
493,William Smith,William J Smith,MA
494,Charles Lee,Charles Jr. Lee,MA
496,William Smith,William S Smith,MA
497,William Smith,William V Smith,MA
498,Benjamin Smith,Benjamin 1st Smith,MA
499,Benjamin Smith,Benjamin 2d Smith,MA
500,Thomas Russell,Thomas C Russell,MA
501,James Gray,James W Gray,MA
503,James Henry,James M'Henry,MA
504,John Carter,John 2d Carter,MA
792,Benjamin Tallmadge,Benjamin Talmadge,CT
793,Philip B Bradley,Phillip B Bradley,CT
796,Erastus Wolcott,Erastus Woolcott,CT
797,Richard Johnston,Richard Johnson,CT
798,Joseph Woodruff,Joseph Woodruffe,CT
799,Richard Douglass,Richard Douglas,CT
800,Philip B Bradley,PhilipB Bradley,CT
801,Daniel Watrous,Daniel Waterous,CT
804,William Elliot,William Elliott,CT
805,John Davenport,John Deavenport,CT
806,Timothy Burnham,Timothy Burnam,CT
807,Benjamin Troop,Benjamin Throop,CT
809,John Griswold,John Griswould,CT
811,Joseph Ashton,Joseph Asheton,CT
812,James Thompson,James Thomson,CT
813,William Crooke,William Cooke,CT
814,Pownal Deming,Pownal Demming,CT
815,William Price,William Preice,CT
816,Daniel Bennett,Daniel Bennet,CT
817,William Matson,William Mason,CT
819,Daniel Linsley,Daniel Linsey,CT
821,Michael Smith,Michal Smith,CT
826,Thaddeus Weed,Thadeus Weed,CT
827,John Whitman,John Whiteman,CT
829,John Jameson,John Jamerson,CT
830,Matthew Rhea,Mathew Rhea,CT
832,Simeon Avery,Simon Avery,CT
833,James Green,James Greene,CT
834,David Booth,David Boothe,CT
835,Heman Swift,Herman Swift,CT
836,Roger Wells,Roger Welles,CT
837,John Goodwin,John Godwin,CT
838,Elias Mason,Elias Meason,CT
840,Roger Wells,Rogers Wells,CT
841,John Ryland,John Rylands,CT
844,James Brown,James Browne,CT
845,Reuben Moss,Ruben Moss,CT
846,John Morgan,John Organ,CT
847,John Rhoads,John Roads,CT
848,John Ripley,John Riley,CT
850,John Strong,John Stong,CT
851,John Taylor,John Tylor,CT
853,John Smith,John K Smith,CT
854,James Smith,James 4th Smith,CT
855,John Brown,John 2d Brown,CT
856,William Smith,William V Smith,CT
857,William Smith,William S Smith,CT
860,William Smith,William J Smith,CT
861,William Smith,William 2d Smith,CT
863,James Henry,James M'Henry,CT
864,John Smith,John C Smith,CT
865,James Smith,James 3d Smith,CT
866,John Smith,John 4th Smith,CT
867,John Smith,John 3d Smith,CT
868,John Smith,John 2d Smith,CT
870,John Smith,John 1st Smith,CT
871,David James,James M'David,CT
874,John Williams,John 2d Williams,CT
876,James Gray,James W Gray,CT
879,John Thomas,John G Thomas,CT
880,John Wilson,John 2d Wilson,CT
881,Jonathan Palmer,Jonathan W Palmer,CT
884,Thomas Davis,Thomas I Davis,CT
887,John Taylor,John 1st Taylor,CT
890,John Taylor,John 2d Taylor,CT
891,George D Avery,George Avery,CT
892,John Salter,John Jr. Salter,CT
893,John Salter,John Sr. Salter,CT
894,Samuel W Pomeroy,Samuel Pomeroy,CT
896,William Wallace,William B Wallace,CT
897,John Carter,John 2d Carter,CT
898,John Carter,John 1st Carter,CT
1084,Richard Johnston,Richard Johnson,NY
1086,Robert Robinson,Robert Robison,NY
1088,William Price,William Preice,NY
1090,John Albright,John Allbright,NY
1091,Joseph Ashton,Joseph Asheton,NY
1092,Seth Johnson,Seth Johnston,NY
1093,John Whitman,John Whiteman,NY
1095,Michael Smith,Michal Smith,NY
1101,Matthew Rhea,Mathew Rhea,NY
1102,James Brown,James Browne,NY
1103,John Ryland,John Rylands,NY
1104,John Burnet,John Burnett,NY
1105,John Irvin,John Irvine,NY
1106,John Irwin,John Irwine,NY
1107,John Taylor,John Tylor,NY
1109,John Herry,John Cherry,NY
1110,John Rhoads,John Roads,NY
1111,John Murray,John Murry,NY
1112,John Smith,John C Smith,NY
1114,John Smith,John 4th Smith,NY
1115,John Smith,John 3d Smith,NY
1116,John Smith,John Jr. Smith,NY
1117,John Smith,John 2d Smith,NY
1118,John Smith,John 1st Smith,NY
1119,John Smith,John K Smith,NY
1120,John Smith,John Sr. Smith,NY
1121,William Wallace,William B Wallace,NY
1123,James Smith,James 4th Smith,NY
1124,James Smith,James 3d Smith,NY
1125,Theodosius Fowler in Co  ,Theodosius Fowler,NY
1127,John O'Connor,John Connor,NY
1128,James Henry,James M'Henry,NY
1129,John Taylor,John 2d Taylor,NY
1132,John Brown,John 2d Brown,NY
1133,John Wilson,John 2d Wilson,NY
1134,John Brown,John A Brown,NY
1135,John Brown,John Jr. Brown,NY
1137,William Smith,William J Smith,NY
1139,William Smith,William S Smith,NY
1140,William Smith,William V Smith,NY
1141,Henry Chapman,Henry H Chapman,NY
1142,John Carter,John 2d Carter,NY
1143,James Gray,James W Gray,NY
1145,John Brown,John Sr. Brown,NY
1301,Richard Johnston,Richard Johnson,NJ
1307,Joseph Ashton,Joseph Asheton,NJ
1309,William Price,William Preice,NJ
1311,John Whitman,John Whiteman,NJ
1313,Michael Smith,Michal Smith,NJ
1316,James Brown,James Browne,NJ
1317,Matthew Rhea,Mathew Rhea,NJ
1319,John Ryland,John Rylands,NJ
1321,John Blair,John Blaire,NJ
1323,John Taylor,John Tylor,NJ
1324,John Rhoads,John Roads,NJ
1325,John Smith,John 4th Smith,NJ
1327,John Smith,John K Smith,NJ
1328,John Smith,John C Smith,NJ
1330,John Smith,John 3d Smith,NJ
1331,James Smith,James 4th Smith,NJ
1333,John Smith,John 2d Smith,NJ
1334,John Smith,John 1st Smith,NJ
1336,James Smith,James 3d Smith,NJ
1338,John Brown,John 2d Brown,NJ
1339,William Smith,William S Smith,NJ
1340,James Henry,James M'Henry,NJ
1343,James Gray,James W Gray,NJ
1344,William Wallace,William B Wallace,NJ
1345,John Carter,John 2d Carter,NJ
1346,John Wilson,John 2d Wilson,NJ
1347,John Taylor,John 2d Taylor,NJ
1348,William Smith,William J Smith,NJ
1349,William Smith,William V Smith,NJ
1623,James Glentworth,James Glenworth,PA
1624,Frederick Vernon,Fredrick Vernon,PA
1626,Samuel Lancaster,Samuel Lacaster,PA
1627,Mathew McConnell,Mathew McConnel,PA
1628,Joseph Stephen,Joseph Stephens,PA
1629,Reading Beatty,Readding Beatty,PA
1630,Joseph Thompson,Joseph Thomson,PA
1634,William Bentley,William Bently,PA
1636,Patrick Byrne,Patrick Byrnes,PA
1637,Joseph Ashton,Joseph Asheton,PA
1638,William Graham,Wiliam Graham,PA
1640,Jacob Weitzell,Jacob Wetzell,PA
1641,Thomas Palmer,Thomas Phalmer,PA
1642,Patrick Duffey,Patrick Duffy,PA
1643,Thomas Edwards,Thomas Edward,PA
1644,John McConnell,John McConnel,PA
1645,Reading Beatty,Reading Beaty,PA
1646,Jacob Weitzell,Jacob Weitzel,PA
1647,Jacob Weitzell,Jacob Witzell,PA
1648,John McCleland,John McClelan,PA
1649,William Price,William Preice,PA
1651,Edward Allen,Edward Callen,PA
1653,Philip Reily,Philip Reiley,PA
1654,Henry Gaither,Henry Gaiter,PA
1655,John Thomson,John Thomason,PA
1656,Thomas Broom,Thomas Broome,PA
1657,James Rowland,James Roland,PA
1658,Michael Smith,Michal Smith,PA
1659,John Jamison,John Jamieson,PA
1660,John Whitman,John Whiteman,PA
1662,John Stricker,John Sticker,PA
1663,Phillip Brown,Philip Brown,PA
1667,John Jameson,John Jamieson,PA
1668,Thomas Dungan,Thomas Dugan,PA
1673,John Vaughan,John Vaughn,PA
1674,James Byrne,James Byrnes,PA
1675,James Brown,James Browne,PA
1676,John Rhoads,John Rhoades,PA
1678,John Bright,John Ebright,PA
1679,John Donnell,John Donnel,PA
1680,Lewis Shell,Lewis Shelle,PA
1681,John Ryland,John Rylands,PA
1684,Matthew Rhea,Mathew Rhea,PA
1686,John Mason,John Manson,PA
1688,John Rhoads,John Rhoad,PA
1689,John Steel,John Steele,PA
1690,John Jones,John Joynes,PA
1691,John Reily,John Reiley,PA
1693,John Murray,John Murry,PA
1694,John Herry,John Cherry,PA
1695,John Irvin,John Irvine,PA
1696,John Taylor,John Tylor,PA
1698,Robert Johnston,Robert Sr. Johnston,PA
1699,William Smith,William S Smith,PA
1701,William Smith,William J Smith,PA
1702,John Smith,John Sr. Smith,PA
1703,John Smith,John K Smith,PA
1704,John Smith,John C Smith,PA
1705,John Smith,John 4th Smith,PA
1706,John Smith,John 3d Smith,PA
1707,John Smith,John 2d Smith,PA
1708,John Smith,John 1st Smith,PA
1711,John Wilson,John 2d Wilson,PA
1712,John Taylor,John 2d Taylor,PA
1715,John Brown,John 2d Brown,PA
1717,James Henry,James M'Henry,PA
1718,William Smith,William V Smith,PA
1722,William Wallace,William B Wallace,PA
1723,James Smith,James 4th Smith,PA
1724,John Carter,John M'Carter,PA
1725,John Carter,John 2d Carter,PA
1726,James Smith,James 3d Smith,PA
1728,William Carter,William M'Carter,PA
1730,John Steel,John P Steel,PA
1732,James Gray,James W Gray,PA
1734,John Salter,John Jr. Salter,PA
1735,Philip Reily,Philip O'Reily,PA
1736,John Salter,John Sr. Salter,PA
1890,Richard Johnston,Richard Johnson,DE
1894,William Price,William Preice,DE
1895,Joseph Ashton,Joseph Asheton,DE
1899,John Whitman,John Whiteman,DE
1900,Michael Smith,Michal Smith,DE
1903,James Brown,James Browne,DE
1905,John Ryland,John Rylands,DE
1906,Matthew Rhea,Mathew Rhea,DE
1908,John Taylor,John Tylor,DE
1909,John Rhoads,John Roads,DE
1910,John Brown,John 2d Brown,DE
1911,John Carter,John 2d Carter,DE
1912,John Taylor,John 2d Taylor,DE
1914,John Smith,John K Smith,DE
1915,John Smith,John C Smith,DE
1917,John Smith,John 4th Smith,DE
1918,John Smith,John 3d Smith,DE
1919,John Smith,John 2d Smith,DE
1920,John Smith,John 1st Smith,DE
1922,David James,James David,DE
1923,James Henry,James M'Henry,DE
1926,James Gray,James W Gray,DE
1927,William Smith,William V Smith,DE
1928,William Smith,William S Smith,DE
1930,William Smith,William J Smith,DE
1931,John Wilson,John 2d Wilson,DE
1933,James Smith,James 3d Smith,DE
1935,James Smith,James 4th Smith,DE
1936,John O'Connor,John Connor,DE
1937,James Jones,James M Jones,DE
1938,William Wallace,William B Wallace,DE
2150,Richard Anderson,RichardC Anderson,MD
2154,Richard Johnston,Richard Johnson,MD
2159,William Price,William Preice,MD
2160,John McClellan,John McClelan,MD
2162,Joseph Ashton,Joseph Asheton,MD
2163,Thomas Randall,Thomas Randal,MD
2164,Henry O'Neale,Henry O'Neal,MD
2167,John Whitman,John Whiteman,MD
2169,John Callhan,John Callahan,MD
2170,Michael Smith,Michal Smith,MD
2171,Jacob Walter,Jacob Walters,MD
2172,Thomas Davis,Thomas Davies,MD
2175,John Ashley,John Lashley,MD
2177,Matthew Rhea,Mathew Rhea,MD
2178,James Brown,James Browne,MD
2180,Gerrard Wood,Gerard Wood,MD
2181,John Ryland,John Rylands,MD
2182,John Burnet,John Burnett,MD
2183,John Colgin,John Colin,MD
2184,John Rhoads,John Roads,MD
2185,John Taylor,John Tylor,MD
2189,John Smith,John 2d Smith,MD
2191,John Smith,John C Smith,MD
2192,John Smith,John 4th Smith,MD
2195,John Smith,John 3d Smith,MD
2196,The Treasurer of Cincinnati ,Treasurer of Cincinnati,MD
2197,John Smith,John 1st Smith,MD
2199,William Smith,William V Smith,MD
2200,William Smith,William J Smith,MD
2201,John Hamilton,John A Hamilton,MD
2204,George William West,William George,MD
2205,James Henry,James M'Henry,MD
2207,William Smith,William S Smith,MD
2209,John Smith,John K Smith,MD
2210,John Thomas,John G Thomas,MD
2211,John Williams,John 2d Williams,MD
2213,James Smith,James 3d Smith,MD
2214,James Smith,James 4th Smith,MD
2215,John Taylor,John 2d Taylor,MD
2216,John Carter,John 2d Carter,MD
2217,William Wallace,William B Wallace,MD
2218,John Thomas,Thomas John,MD
2220,Samuel White,Samuel B White,MD
2221,James Williams,James M'Williams,MD
2222,John Wilson,John 2d Wilson,MD
2224,John Brown,John 2d Brown,MD
2225,John P Thomas,Thomas John,MD
2228,John D Alvey,John Alvey,MD
2229,James Gray,James W Gray,MD
2416,Whitehead Coleman,Whitehead Colman,VA
2417,Richard Johnston,Richard Johnson,VA
2421,William Moseley,William Mosely,VA
2423,Joseph Ashton,Joseph Asheton,VA
2424,William Crooke,William Cooke,VA
2426,William Price,William Preice,VA
2427,Michael Smith,Michal Smith,VA
2428,John Whitman,John Whiteman,VA
2429,John Donnell,John Donnelly,VA
2434,Matthew Rhea,Mathew Rhea,VA
2435,John Brooke,John Brookes,VA
2436,John Ryland,John Rylands,VA
2438,John Burnet,John Burnett,VA
2439,James Brown,James Browne,VA
2440,John Taylor,John Tylor,VA
2441,John Rhoads,John Roads,VA
2442,John Brooke,John Rooke,VA
2444,John Smith,John 3d Smith,VA
2446,John Carter,John C Carter,VA
2447,James Henry,James M'Henry,VA
2449,John Carter,John 2d Carter,VA
2450,William Wallace,William B Wallace,VA
2452,John Brown,John 2d Brown,VA
2453,James Smith,James 4th Smith,VA
2454,John Smith,John 1st Smith,VA
2455,John Smith,John 2d Smith,VA
2456,John Smith,John 4th Smith,VA
2457,John Taylor,John 2d Taylor,VA
2458,John Smith,John C Smith,VA
2460,John Smith,John K Smith,VA
2461,William Smith,William J Smith,VA
2462,John Wilson,John 2d Wilson,VA
2465,James Gray,James W Gray,VA
2468,William Smith,William S Smith,VA
2469,William Smith,William V Smith,VA
2470,James Smith,James 3d Smith,VA
