,Original Name,Matches
0,A. Fisher,John A Fisher
1,Abraham Baldwin,Abraham Baldwine
2,Allen McLane,Allen McClane
3,Allen Samuel,Samuel Allen
4,Allen Samuel,Samuel G Allen
5,Allen Samuel,Samuel Green Allen
6,Allen Thomas,Thomas Allen
7,Anthony Ten Eyck,Anthony J. Ten Eyck
8,Archelaus Temple,Archelus Temple
9,Arnold Benjamin,Benjamin Arnold
10,Barker Joshua,Joshua Barker
11,Barker Peter,Peter Baker
12,Barker Peter,Peter Barker
13,Barton William,William Barton
14,Benjamin Bellows,Benjamin Bellow
15,Benjamin Browne,Benjamin Brown
16,Benjamin Elliott,Benjamin Eliott
17,Benjamin Elliott,Benjamin Elliot
18,Benjamin Harrison V,Benjamin Harrison
19,Benjamin Hinma,Benjamin Hinman
20,Benjamin Jones,Jones Benjamin
21,Benjamin Smith,Benjamin 1st Smith
22,Benjamin Smith,Benjamin 2d Smith
23,Benjamin Wilson,Benjamin Willson
24,Bourne Benjamin,Benjamin Bourn
25,Bourne Benjamin,Benjamin Bourne
26,Bowen Jabez,Jabez Bowen
27,Bradford William,William Bradford
28,Bradford William,William C Bradford
29,Brown Elisha,Elisha Brown
30,Brown John,John 2d Brown
31,Brown John,John A Brown
32,Brown John,John Brown
33,Brown John,John Browne
34,Brown John,John Jr. Brown
35,Brown John,John Sr. Brown
36,Caleb Curtiss,Caleb Curtis
37,Champlin George,George Champlain
38,Charles Barrett,Charles Barret
39,Charles Grahame,Charles Graham
40,Charles Johnson,Charles Johnston
41,Charles Pinckney,Charles C Pinckney
42,Christopher P.  Yates,Christopher P Yates
43,Christopher P.  Yates,Christopher Yates
44,Clark John I,John Clark
45,Clarke Peleg,Peleg Clarke
46,Congdon William,Willam Congdon
47,Cornelius C. Schoonmaker,Cornelius C Schoonmaker
48,Cornelius C. Schoonmaker,Cornelius Schoonmaker
49,Cornelius C. Schoonmaker,Cornelius Shoonmaker
50,Cornelius Higgins,Cornelius Higgns
51,Daniel Adams,Daniel J Adams
52,Daniel Adams,Daniel Jenifer Adams
53,Daniel Cannon,Daniel mc cannon deceased
54,Daniel Rodgers,Daniel D Rogers
55,Daniel Rodgers,Daniel Denison Rogers
56,Daniel Rodgers,Daniel Rogers
57,David Brearley,Honorable David Brearley
58,David Brearly,David Brearley
59,David Brooks,David Brook
60,David Gilmore,David Gillmore
61,David Stuart,David Steuart
62,David Wilson,David Willson
63,Davis John,John Davies
64,Davis John,John Davis
65,Davis John,John G Davis
66,Dexter John S,John Dexter
67,Dexter John S,John S Dexter
68,Durfree Job,Job Durfee
69,E. Brooks,Moses E Brooks
70,Ebenezer Clark,Ebenezer Clarke
71,Ebenezer Cummings,Ebenezer Cummins
72,Ebenezer Smith,Ebenezer Smith Fowle
73,Ebenezer Smith,Ebenezer Smith PLott
74,Edward Williams,William Edward
75,Edward Williams,William Edwards
76,Edward Williams,edward p williams
77,Elbridge Gerry,Eldbridge Gerry
78,Elisha Mills,Eisha Mills
79,Francis Cabot,Francis Cabbot
80,Frederick A. Muhlenberg,Frederick A Muhlenberg
81,Frederick A. Muhlenberg,Frederick Muhlenberg
82,Frederick A. Muhlenberg,Fredrick A Muhlenberg
83,George Carrington,George Carrington Jr
84,George Clinton,George Linton
85,George Clymer,his inlaws george clymer
86,George Digges,George Diggs
87,George H. Berger,George Berger
88,George H. Berger,George H
89,George Houser,George House
90,George Jackson,George H Jackson
91,George Matthews,George Mathews
92,George Mitchell,George Michell
93,George Truitt,George Truit
94,George Washington,George Washington Esqr
95,George Washington,George Washington Trustees
96,Gilbert Livingston,Gilbert K Livingston
97,Gilbert Livingston,Gilbert R Livingston
98,Greene Christopher,Christopher Green
99,Greene Job,Job Greene
100,Gunning Bedford Jr.,Gunning Bedford
101,"Gunning Bedford, Jr.",Gunning Bedford
102,"Gunning Bedford, Sr.",Gunning Bedford
103,Gustavus Richard Brown,Richard Brown
104,Henry Baker,Henry Barker
105,Henry Lee III,Henry Lee
106,Howard Jonathan J,Jonathan Howard
107,Howard William,William Howard
108,Hugh Wilson,Hugh Willson
109,Icabod Weeks,Ichabod Weeks
110,Isaac Clarke,Isaac Clark
111,Isaac Roosevelt,Isaac Rosevelt
112,Jacob Brown,Jacob R Brown
113,Jacob Johnston,Jacob Johnson
114,Jacob Rinker,Jacob Brinker
115,Jacobus Swartwout,Jacobus Swartout
116,James Armstrong,James F Armstrong
117,James Campbell,James Cambell
118,James G. Hunt,James Hunt
119,James Gordon Heron,James Gordon
120,James Gordon Heron,James Herron
121,James Gray,James W Gray
122,James Handley,James Hanley
123,James Johnson,James Johnston
124,James Martin,James Martain
125,James Martin,James Sr. Martin
126,James Moore,James Farncis Moore
127,James Moore,James Mooree
128,James Morris,James Morris Jones
129,James Morris,James Morriss
130,James Taylor,James Tylor
131,James Thomas,James Jr. Thomas
132,James Thomas,James Sr. Thomas
133,James Thomas,Thomas James
134,James Thomas,William Thomas Exos James Ecum
135,James Thompson,James E Thomson
136,James Thompson,James Thomson
137,James White,James white deceased
138,James Williams,James M'Williams
139,James Williams,William James
140,James Wilson,James Willson
141,Jedediah Huntington,Jeddediah Huntington
142,Jeremiah Townley Chase,Jeremiah Chase
143,Jesse Gilbert,Jessee Gilbert
144,John  Allen,John Allen
145,John  Allen,John Alleng
146,John  Fox,John Fox
147,John  Fox,John fox
148,John  Whittlesey,John Whittlesey
149,John A. Campbell,John Cambell
150,John A. Campbell,John Campbel
151,John A. Campbell,John Campbell
152,John Allen,John Allen McClay
153,John Allen,John Alleng
154,John Allen,John Van Allen
155,John Allen,John Van allen
156,John Anderson,John Sanderson
157,John Anderson,John Vanderson
158,John Andre Hanna,John Hanna
159,John Ashley,John Lashley
160,John Baker,John Banker
161,John Baker,John Barker
162,John Baker,John F Baker
163,John Baker,John Frederick Baker
164,John Baptista Ashe,John Baptist
165,John Beatty,Honorable John Beatty
166,John Beatty,John Beaty
167,John Blair,John Blaire
168,"John Blair, Jun.",John Blair
169,John Brooks,John Brook
170,John Brooks,John Brookes
171,John Brown,John 2d Brown
172,John Brown,John A Brown
173,John Brown,John Alex Brown
174,John Brown,John Brown Cutting
175,John Brown,John Browne
176,John Brown,John Jr. Brown
177,John Brown,John Sr. Brown
178,John Budd,John Shivers Budd
179,John Burgess,John Burges
180,John Burnham,John Burham
181,John Burnham,John Burnam
182,John Carter Littlepage,John Carter
183,John Carter Littlepage,John Cartier
184,John Carter Littlepage,John Littlepage
185,John Chester,John Chesters
186,John Chester,John Hester
187,John Cochran,John Cohran
188,John Collins,John Collin
189,John Collins,John Jr. Collins
190,John Cook,John Jr. Cook
191,John Cook,John Sr. Cook
192,John Cook,John Wanton Cook
193,John Coulter,John Colter
194,John Cowan,John M'Cowan
195,John Cragin,John Crain
196,John Curtiss,John Curtis
197,John Dabney,John Abney
198,"John Davenport, Jun.",John Davenport
199,John Davis,John Davies
200,John Davis,John Davis Williams
201,John Davis,John G Davis
202,John DeWitt,John L Dewitt
203,John Easton,John Eaton
204,John Eborn,John Heborn
205,John Edwards,John Edward
206,John Edwards,John Jr. Edwards
207,John Edwards,John Sr. Edwards
208,John Elliot,John Elliott
209,John Elliot,John elliott deceased
210,John F. Mercer,John Mercer
211,John Fowler,John Fowle
212,John Francis Mercer,John Francis
213,John G. Scull,John Scull
214,John H. Bryan,John Bryan
215,John H. Bryan,John O'Bryan
216,John Hamilton,John A Hamilton
217,John Hamilton,John Hammilton
218,John Haring,John D Harring
219,John Haring,John Harding
220,John Harris,John 2d Harris
221,John Harris,John Jr. Harris
222,John Howell Briggs,John Howel
223,John Howell Briggs,John Howell
224,John Hunt,John S Hunt
225,John Jacob Faesch ,John Jacob
226,John Jacob Faesch ,John Jacob Faesh
227,John Jacob Faesch ,John Jacobs
228,John Jay,John Jay Bleecker
229,John Johnston,John Johnson
230,John Johnston,John Johnstone
231,John Jones,John Johnes
232,John Jones,John Joynes
233,John Jones,John Paul Jones
234,John K. Smith,John K Smith
235,John K. Smith,John Smith
236,John Lansing Jr.,John Lansing
237,"John Lansing, Jun. ",John Lansing
238,John Lewis Bourquin,John Lewis
239,John Lewis Bourquin,John lewis
240,John Lewis Gervias,John Lewis
241,John Lewis Gervias,John lewis
242,John Lindsey,John Linsey
243,John Linton,John Clinton
244,John Lowry,John Lowrey
245,John Ludwig,John M'Ludwig
246,John Matthews,John Mathews
247,John Miller,John 1st Miller
248,John Miller,John 2d Miller
249,John Miller,John C Miller
250,John Miller,John George Miller
251,John Miller,John M'Miller
252,John Miller,John P Miller
253,John Minot,John Minots
254,John Minot,John Minott
255,John Montgomery,John Mongomery
256,John Moore,John Moores
257,John Moore,John W Moore
258,John Neilson,John Jr. Neilson
259,John Neilson,John Nelson
260,John Neilson,John Nilson
261,John Nesbitt (Nisbet),John Nesbitt
262,John Nevill,John Neill
263,John Parnham,John Parham
264,John Pickering,John Gee Pickering
265,John Richards,John Richard
266,John Richards,John Richard Watrous
267,John Rutherford,John rutherford deceased
268,John Schenck,John H Schenck
269,John Schenck,John P Schenck
270,John Schenck,John P Schenk
271,John Schenck,John Schenk
272,John Scott,John Scott Clark
273,John Sheaman Woodcock,John Shearman
274,John Simmons,John C Simons
275,John Simmons,John Simmonds
276,John Simmons,John Simons
277,John Skinner,John Kinner
278,John Smith,John 1st Smith
279,John Smith,John 2d Smith
280,John Smith,John 3d Smith
281,John Smith,John 4th Smith
282,John Smith,John C Smith
283,John Smith,John Jr. Smith
284,John Smith,John K Smith
285,John Smith,John L Smith
286,John Smith,John Nic Smith
287,John Smith,John Sr. Smith
288,John Steele,John P Steel
289,John Steele,John Seele
290,John Steele,John Steel
291,John Stevens,John Steven
292,John Taylor,John 1st Taylor
293,John Taylor,John 2d Taylor
294,John Taylor,John Spencer Taylor
295,John Taylor,John Taylor Gilman
296,John Taylor,John Tylor
297,John Taylor Gilman,John Gilman
298,John Taylor Gilman,John Taylor
299,John Thomas,John A Thomas
300,John Thomas,John G Thomas
301,John Thomas,Thomas John
302,John Thompson,John Thomson
303,John Thompson,John Tompson
304,John Treadwell,John Tredwell
305,"John Tyler, Sr.",John Tyler
306,John Welton,John Welon  Bouch
307,John Wilder,John George Wilder
308,John Williams,John 1st Williams
309,John Williams,John 2d Williams
310,John Williams,John Davis Williams
311,John Williams,John F Williams
312,John Williams,John Foster Williams
313,John Williams,John M Williams
314,John Williams,John Mc Williams
315,John Williams,John Wiliams
316,John Williams,John William
317,John Williams,William John
318,John Willis,John Wills
319,John Wilson,John 2d Wilson
320,John Wilson,John Willson
321,Jonathan Clark,Jonathan Clarke
322,Jonathan Dayton,Jonathan I Dayton
323,Jonathan Gillet,Jonathan Gillett
324,Jonathan Green,Jonathan Greene
325,Jonathan Patteson,Jonathan Patterson
326,Jonathan Randall,Jonathan Crandall
327,Jonathan Smith,Jonathan B Smith
328,Jonathan Smith,Jonathn Smith
329,Joseph Barker,Joseph Baker
330,Joseph Brown,Joseph 1st Brown
331,Joseph Brown,Joseph J Brown
332,Joseph Brown,Joseph T Brown
333,Joseph Douglass,Joseph Douglas
334,Joseph Heister,Joseph Hester
335,Joseph Hosmer,Joseph Osmer
336,Joseph Hutchins,Joseph Hutchings
337,Joseph Jackson,Joseph Jackson brookline
338,Joseph Kimball,Joseph Kimbal
339,Joseph Martin,Joseph P Martin
340,Joseph Mosely,Joseph Moseley
341,Joseph Moss White,Joseph Moss
342,Joseph Moss White,Joseph White
343,Joseph Powell,Joseph Prowell
344,Joshua Saxon,Joshua Saxton
345,King William,William King
346,Ladd William,William Ladd
347,Lemuel Sandford,Lemuel Sanford
348,Leonard Williams,William Leonard
349,Levi Whitman,Levi Whiteman
350,Luther Martin,Martin Luther
351,Manchester Isaac,Isaac Manchester
352,Michael Jenifer Stone,Michael Stone
353,Miller Nathan,Nathan Horton Miller
354,Miller Nathan,Nathan Miller
355,Moses Chamberlain,Moses Chamberlin
356,Nathaniel Robbins,Nathaniel Robins
357,Nathaniel Rogers,Nathaniel R Rogers
358,Nathaniel Russell,Nathaniel Russel
359,Nicholas Breading,Nicholas Reading
360,Nicholas Gilman,Nichols Gilman
361,Nicholas Lewis Sewall,Lewis Nichols
362,Nichols William,Nicholas Williams
363,Nichols William,William Nicholas
364,Nichols William,William Nicholls
365,Nichols William,William Nichols
366,Oliver Elsworth,Oliver Ellsworth
367,Pearce Samuel,Samuel Pearce
368,Peter Bennett,Peter Bennet
369,Peter Fayssoux,Peter Fassoux
370,Peter Lefferts,Peter Leffert
371,Peter Vandevoort,Peter Vandervoort
372,Peter Vrooman,Peter C Vrooman
373,Peter Vrooman,Peter I Vroman
374,Peter Vrooman,Peter Vroman
375,Philip Burr Bradley,Burr Bradley
376,Philip Burr Bradley,PhilipB Bradley
377,Philip Van Cortlandt,Philip Cortlandt
378,Potter Samuel J,Samuel Potter
379,Reynolds Joseph,Joseph Renolds
380,Reynolds Joseph,Joseph Reynolds
381,Reynolds Joseph,Joseph Rynolds
382,Rice Thomas,Thomas Rice
383,Richard Barnes,Richard Barns
384,Richard F. Cutts,Richard F Cutts
385,Richard Smith,Smith Richards
386,Richard Thomas,Thomas Prichard
387,Richard Thomas,Thomas Richards
388,Robert Alexander,Alexander Roberts
389,Robert B. Wilkins,Robert B Wilkins
390,Robert B. Wilkins,Robert Wilkin
391,Robert B. Wilkins,Robert Wilkins
392,Robert Daniel,Daniel P Roberts
393,Robert Daniel,Daniel Roberts
394,Robert Edwards,Edward Roberts
395,Robert R. Livingston,Robert Livingston
396,Robert R. Livingston,Robert R Livingston
397,Robert Williams,Robert William
398,Robert Williams,William Robert Buchanan
399,Robert Williams,William Roberts
400,Robert Williams,william roberts
401,Robert Wilson,Robert Willson
402,Robert Wilson,Robert Wilson 3rd
403,Roger Parker Saunders,Parker Rogers
404,Roger Parker Saunders,Roger Sanders
405,Samuel  Richardson,Samuel Richardson
406,Samuel Adams,Samuel Addams
407,Samuel Baker,Samuel A Baker
408,Samuel Baker,Samuel Backer
409,Samuel Baker,Samuel Barker
410,Samuel Baker,Samuel Blaker
411,Samuel Earle,Samuel Searle
412,Samuel Edmison,Samuel Edmiston
413,Samuel H. Parsons,Samuel H Parsons
414,Samuel H. Parsons,Samuel Parsons
415,"Samuel Hopkins, Jun.",Samuel Hopkins
416,Samuel Johnston,Samuel Johnson
417,Samuel Jones,Samuel P Jones
418,Samuel Langdon,Samuel Landon
419,Samuel Mason,Samuel Marson
420,Samuel Orton,Samuel Horton
421,Samuel Orton,Samuel Morton
422,Samuel Orton,Samuel Norton
423,Samuel Simpson,Samuel Simson
424,Samuel Smith,Samuel 2d Smith
425,Samuel W. Stockton,Samuel Stockton
426,Samuel W. Stockton,Samuel W Stockton
427,Sands Ray,Ray Sands
428,Sears George,George Hall  Sears
429,Sears George,George Sears
430,Simeon Bright,Simon Bright
431,Simeon Smith,Simon Smith
432,Slocum Giles,Giles Slocum
433,Stanton Joseph,Joseph Stanton
434,Stanton Joseph,Joseph Staton
435,Stephen Billings,Stephens Billings
436,Stephen Mix Mitchell,Stephen Mitchell
437,Stephen Mix Mitchell,Stephen Mix
438,Stevens Thomson Mason,Stevens Mason
439,Stone Peter,Peter Stone
440,Thomas  Collins,Thomas Collins
441,Thomas Arthur,Thomas Arthurs
442,Thomas Brown,Thomas Jr. Brown
443,Thomas Brown,Thomas Sr. Brown
444,Thomas Chase,Thomas Chasey
445,Thomas Cheney,Thomas Chesney
446,Thomas Daniell,Daniel Thomas
447,Thomas Davis,Thomas Davies
448,Thomas Davis,Thomas I Davis
449,Thomas Edmunds,Edmund D Thomas
450,Thomas Edmunds,Edmund Thomas
451,Thomas FitzSimons; Fitzsimmons,Thomas Fitzsimmon
452,Thomas Gaskins,Thomas Askins
453,Thomas H. Perkins,Thomas Perkins
454,Thomas Hines,Thomas Haines
455,Thomas Johnson,Thomas Johnston
456,Thomas Johnston,Thomas Johnson
457,Thomas Jones,Thomas Johnes
458,Thomas Kittridge,Thomas Kitteridge
459,Thomas Lewis,Lewis Thomas
460,Thomas Matthews,Matthew Thomas
461,Thomas Matthews,Thomas Mathews
462,Thomas Mighill,Thomas Mighills
463,Thomas Owen,Owen Thomas
464,Thomas P. Williams,Thomas Williams
465,Thomas Person,Thomas Pearson
466,Thomas Person,Thomas Pierson
467,Thomas Reynolds,Thomas reynolds deceased
468,Thomas Russel,Thomas C Russell
469,Thomas Russel,Thomas Russell
470,Thomas Sim Lee,Thomas Lee
471,Thomas Walke,Thomas Walker
472,Thomas Walter,Thomas Water
473,Thomas Wastson,Thomas W Watson
474,Thomas Wastson,Thomas Watson
475,Thomas Williams,Thomas M Williams
476,Thomas Williams,William Thomas
477,Thomas Williams,William Thoms
478,Tristam Dalton,Tristram Dalton
479,Volkert Veeder,Volkert S Veeder
480,Walter Smith,Water Smith
481,Wilcox Job,Job Wilcox
482,Wilcox Job,Job Willcox
483,William  Findley,William Findley
484,William  Findley,William Finley
485,William  Gold,William Gold
486,William Abbott,William Abbot
487,William B. Grove,William Groves
488,William Bailey ,Willam Bailey
489,William Bailey ,William Baily
490,William Baylies,William Bayles
491,William Baylies,William Baylis
492,William Brown,William Browne
493,William Brown,William Sh Brown
494,William Brown,William Shepard Brown
495,William Brown,William Sheph Brown
496,William Brown,william brown foggo
497,William Butler,William Buttler
498,William C. Houston,William C. Huston
499,William C. Houston,William Houston
500,William C. Houston,William Huston
501,William Cabell,William Cambell
502,"William Deakins, Jun.",William Deakins
503,William Dobbin,William Dobbins
504,William E. Erwin,William Erwin
505,William E. Erwin,William Erwine
506,William E. Lord,William Lord
507,William Elliot,William Elliott
508,William Gray Jun.,William Gray
509,William Hart,William D Hart
510,William Hayes,William Haynes
511,William Heath,M.G William Heath
512,William Heath,William (M.G) Heath
513,William Heron,William Herron
514,William Houston,William Huston
515,William Houstoun,William Houston
516,William Johnson,William Johnston
517,William Johnson,Williams Johnson
518,William Johnston,William Johnson
519,William Johnston,William Johnstone
520,William Johnston,William Johnstons
521,William Johnston,William Sr. Johnston
522,William Johnston,Williams Johnson
523,William Johnston Dawson,William Johnston
524,William Jones,William 1st Jones
525,William Jones,William 2nd Jones
526,William Jones,William Johnes
527,William Kennedy,William Mc Kenney
528,William L. Pierce,William Pierce
529,William Martin,William Martain
530,William Mason,William Malson
531,William Mason,William Matson
532,William Mayhew,William Mahew
533,William Meyer,William Meyers
534,William Morris,William Moris
535,William Moultrie,William Moultrice
536,William Moultrie,William Sr. Moultrie
537,William N. Hill,William Hill
538,William Paterson,William Palterson
539,William Paterson,William Patterson
540,William Patterson,William Paterson
541,William Phillips,Wiliam Phillips
542,William Phillips,William Philips
543,William R. Davie,William Davies
544,William Richardson Davie,William Richardson
545,William Robison,William Robinson
546,William S. Marnes,William S
547,William Samuel Johnson,Samuel Johnson
548,William Samuel Johnson,William Johnson
549,William Scott,Wiliam Scott
550,William Simpson,William Simson
551,William Simpson,William Stimpson
552,William Smith,William 2d Smith
553,William Smith,William D Smith
554,William Smith,William Hooker Smith
555,William Smith,William J Smith
556,William Smith,William L Smith
557,William Smith,William Lovett Smith
558,William Smith,William O. Smith
559,William Smith,William P Smith
560,William Smith,William S Smith
561,William Smith,William V Smith
562,William Sommersall,William Somersall
563,William Stevens,William S Stevens
564,William Thompson,William Thomson
565,William Watkins,William Atkins
566,William Williams,William Mc Williams
567,William Williams,William Willamson
568,William Williams,William Williamson
569,William Williams,William Willis
570,William Wilson,William Willson
571,Williams John,John 1st Williams
572,Williams John,John 2d Williams
573,Williams John,John Davis Williams
574,Williams John,John F Williams
575,Williams John,John M Williams
576,Williams John,John Mc Williams
577,Williams John,John Wiliams
578,Williams John,John William
579,Williams John,John Williams
580,Williams John,William John
581,Williams John,William John Molnerear
582,Williams John,William St John
583,Williams John,john williams
584,Allen Samuel,Samuel Allen Otis
585,Arnoldus Vanderhorst,Arnoldus  Vanderhorst
586,Barker Abraham,Abraham Barker
587,Benjamin Jones,Benjamin Jones and Co
588,Benjamin Thomas,Thomas and Benjamin Harwood
589,Benjamin West,Benjamin F West
590,Bosworth Benjamin,Benjamin Bosworth
591,Champlin George,George Champlin
592,Charles Pinckney,Charles Coteaworth  Pinckney
593,Christopher Toppan,Christopher  Toppan
594,Daniel Carroll,Daniel Carroll Brent
595,Daniel DeSaussure,Daniel  DeSaussure
596,Daniel of St. Thomas Jenifer,Daniel Jenifer
597,David Smith,David  Smith
598,David Smith,David  Smith and Co
599,Edmund J. Randolph,Edmund Randolph
600,Edmund Taylor Jr.,Edmund Taylor
601,Ephraim Root,Ephraim and Phoebe Root
602,Gabriel Manigault,Gabriel  Manigault
603,George Clinton,George  Clinton 
604,Hardy Murfee,Hardy Murfree
605,Hazard George,George C Hazard
606,Hazard George,George Hazard
607,Isaac Coles,Isaac Cowles
608,James Anderson,James Sanderson
609,James Davenport,John and James Davenport
610,James Gordon,James Gordon Heron
611,James Gordon Heron,James Heron
612,James Madison Jr.,James Maddison
613,James Madison Jr.,James Madison
614,"James Madison, Jun.",James Madison
615,James Potter,Richard and James Potter
616,James Thomas,James  Thomas
617,James Thompson,James H Thomson
618,James Williams,James  Williams
619,Jeremiah Wadsworth,Jeremiah  Wadsworth
620,John Coffin Jones,Coffin Jones
621,John Collins,John Collin 
622,John Davis,John R Davies
623,John DeWitt,John L DeWitt
624,John Edwards,John  Edwards
625,John Fell,John  Fell 
626,John Hunn,John L Hunn
627,John Johnston,John Johnson 
628,John Julius Pringle,John Pringle
629,John Moore,John Elias Moore
630,John Nesbitt (Nisbet),John Nesbit
631,John Nesbitt (Nisbet),John Nisbett
632,John Smith,John Smith Brookes
633,John Smith,Samuel John Smith
634,John Smith,Samuel and John Smith
635,John Taylor,John M Taylor
636,John Thomas,John P Thomas
637,John Thompson,John H Thompson
638,John Thompson,John Thompson Mason
639,John Williams,John  Williams 
640,Jonathan Dayton,Jonathan  Dayton 
641,Jonathan Roberts,Jonathan of Robert Pinkney nan
642,Matthew Lock,Mathew Lock
643,Matthew Patterson,Matthew Paterson
644,Matthias Hutchinson,Mathias Hutchinson
645,Nicholas Low,Nicholas  Low
646,Nicholas Low,Nicholas Low and H and S Johnson and Co
647,Philemon Hawkins,Philemon Hawkins ( Son of John Jun)
648,Philemon Hawkins,Philemon Hawkins ( Son of Philemon Jun)
649,Philemon Hawkins,Philemon Hawkins (son of Philemon)
650,Philip Livingston,Philip H Livingston
651,Richard Downing,Richard Downing  Jennings
652,Richard Harison,Richard Harrison
653,Robert Alexander,Alexander M  Robert
654,Robert Daniel,Robert Daniel and  Guilian Crommelin
655,Samuel Adams,Samuel Adams III
656,Samuel Huntington,Samuel Huntington III
657,Samuel Johnston,Samuel  Johnston
658,Samuel Johnston,Samuel H Johnson
659,Samuel Johnston,Samuel M Johnson
660,Samuel Johnston,Samuel W Johnson
661,Samuel Johnston,Samuel W Johnson 
662,Samuel Jones,Samuel Jones and Co
663,Samuel Smith,Samuel John Smith
664,Samuel Whiting,Samuel Whiteing
665,Samuel Whiting,Samuel Whiteing 
666,Thomas Brown,Thomas Browne
667,Thomas Bull,Mich and Thomas Bull
668,Thomas Bull,Michael and Thomas Bull
669,Thomas Bull,Micheal and Thomas Bull
670,Thomas Edmunds,Thomas  Edmunds
671,Thomas FitzSimons; Fitzsimmons,Nicholas Fitzsimons
672,Thomas FitzSimons; Fitzsimmons,Thomas Fitzsimons
673,Thomas H. Perkins,Thomas H Perkins
674,Waterman Andrew,Andrew Waterman
675,William Brown,William  Brown
676,William Gowdy,William Gowdey
677,William Hall,William  Hall 
678,William Houston,William  Houston 
679,William Houstoun,William  Houston 
680,William Martin,William Martine
681,William Morris,William W Morris
682,William Robinson,William J Robinson
683,William Robinson,Williiam J Robinson
684,William Robison,William J Robinson
685,William Robison,Williiam J Robinson
686,William Simpson,Jonathan and William Simpson
687,William Smith,William  Smith
688,William Smith,William Smith Stevens
689,William Stevens,William Smith Stevens
690,Williams John,John  Williams 
691,Wilson Cary Nicolas,Wilson Cary
692,Elizabeth Sherbourne,Elizabeth Sherburne
693,Ebenezer Thompson,Ebenzer Thompson
694,John Batcheler,John Batchelder
695,Phillips White,Phillip White
696,Avery  Hall,Avery Hall
697,Nathaniel W Appleton,Nathaniel Appleton
698,John T Gilman,John Gilman
699,John Ward Gilman,John Gilman
700,John Taylor Gilman,John Gilman
701,Eliphalet Lester,Eliphalet Leister
702,Willam F Miller,William F Miller
703,Daniel Linsley,Daniel Lindsley
704,Samuel Thacher,Samuel Thatcher
705,Timothy Green,Timothy Greene
706,William Jones,William Johnes
707,Joseph Moseley,Joseph Mosely
708,William Plumbe,William Plumb
709,Jared Hinckley,Jared Hinkley
710,Thomas Russell,Thomas Russel
711,Allen Sillman,Allen Stillman
712,Daniel Linsley,Daniel Linsly
713,Joseph Higgins,Joseph Higgns
714,Samuel Wells,Samuel Welles
715,Jane Olmsted,Jane Olmstead
716,Samuel Tracey,Samuel Tracy
717,John Conklin,John Conkling
718,Andrew Eliot,Andrew Elliot
719,Amos Shepard,Amos Shephard
720,John Williams,John Wiliams
721,Thomas Clark,Thomas Clarke
722,John Willson,John Wilson
723,James Clark,James Clarke
724,James Wells,James Welles
725,John Robbins,John Robins
726,Elisha Mills,Eisha Mills
727,John Conklin,John Conkin
728,Henry Champion II,Henry Champion
729,James A Wells,James Wells
730,Stephen M Mitchell,Stephen Mitchell
731,Samuel Adams III,Samuel Adams
732,Samuel Gray,Samuel M Gray
733,Saul Alvord,Lay Saul Alvord
734,Samuel Williams,Samuel W Williams
735,Samuel J Mills,Samuel Mills
736,Willam F Miller,William Miller
737,James A Wells,James Welles
738,William Williams,William Worthington Gale
739,Nicholas Roosevelt,Nicholas Rosevelt
740,John R Livingston,John R. Livingston
741,Mary Brinkerhoff,Mary Brinckerhoff
742,Leonard Bronk,Leonard Bronck
743,John Bleecker,John N. Bleecker
744,Philip Schuyler,Philip P Schuyler
745,Henry Livingston,Henry G Livingston
746,Abraham Lansing,Abraham A. Lansing
747,John R Livingston,John Livingston
748,John Jacob Lansing,Jacob Lansing
749,Robert C Livingston,Robert Livingston
750,James J Beckman,James Beckman
751,John N Blecker,John N. Bleecker
752,John S Bronk,John S. Bronck
753,Abraham Lansing,Abraham G Lansingh
754,John Jay,John Jay Bleecker
755,John S Bronk,John Bronck
756,Elizabeth Roberdeau,Elizabeth Robertdeau
757,Jeremiah  Wadsworth,Jeremiah Wadsworth
758,Robert McLaughlin,Robert McLauglin
759,Catherine Summers,Cathrine Summers
760,Francis Johnston,Francis Johnson
761,Dietrick Metzner,Detrick Metzner
762,Conrad Phillip,Conrad Phillips
763,William Sherer,William Shearer
764,Robert Johnston,Robert Johnson
765,William Bingham,William Bigham
766,Phillip Gardner,Philip Gardner
767,Richard Potter,Richard Poter
768,David Chambers,David Chamber
769,James Johnston,James Johnson
770,William Brown,William Browne
771,John Phillips,John Philips
772,Peter Wikoff,Peter Wilkoff
773,James Huston,James Houston
774,Isaac Wikoff,Isaac Wilkoff
775,John Bleakley,John Blakley
776,Matthew Greer,Mathew Greer
777,Robert Merns,Robert Mearns
778,Thomas Meyers,Thomas Myers
779,Thomas Reber,Thomas Reuber
780,John Johnston,John Johnson
781,John Thomson,John Thompson
782,John Wharton,John Harton
783,Jacob Myers,Jacob Meyers
784,John Coburn,John Coburne
785,Peter Browne,Peter Brown
786,John Barker,John Baker
787,John Miler,John Miller
788,Mary Porter,Mary Poter
789,John Reily,John Reilly
790,John Holmes,John Holms
791,Anna Cunningham,Anna Dav Cunningham
792,William Smith,William P Smith
793,William Smith,William D Smith
794,John  Cox,John Cox
795,William Smith,William O. Smith
796,Robert Correy,Robert L Correy
797,John Smith,John Nic Smith
798,Thomas Mifflin  Ex,Thomas Mifflin
799,Robert Buchanan,William Robert Buchanan
800,John Maxwell Nesbitt,John Maxwell
801,William Montgomery Sterrett,William Montgomery
802,Distressed Presbyterian Ministers,Corporation for relief of poor and distressed presbyterian ministers 
803,Distressed Presbyterian Ministers,Corporation for the Relief of Poor and Distressed Presbyterian Ministers 
804,Isaac Wikoff,Peter Isaac Wikoff
805,James Johnston John McDowell,James John
806,Joseph Stiles for Society,Joseph Stiles
807,George Clymer,his inlaws george clymer
808,Corporation for the Relief of Poor,Corporation for the Relief of Poor and Distressed Presbyterian Ministers 
809,James Johnston John McDowell,John McDowell
810,John Pringle,John Pringle Ve Ex
811,William Williams,William S
812,John Kline,John Isaac Kline
813,Peter Wikoff,Peter Isaac Wikoff
814,John Jones,John Paul Jones
815,John Smith,John Nicholas Smith
816,Richard Bryant,Richard Bryan
817,Philip Key,Phillip Key
818,John Thomas,John A Thomas
819,Charles A Warfield,Charles Warfield
820,Samuel T Wright,Samuel Wright
821,John L Gibson,John Gibson
822,Matthias Shrub,Mathias Shrubb
823,Ezekiel John Dorsey,John Dorsey
824,Philip Barton Key,Phillip Key
825,John Smith Brookes,John Brooke
826,Benjamin Johnson,Benjamin Johnston
827,Mathew Pearson,Matthew Pearson
828,Thomas Colson,Thomas Colston
829,William Harvey,William Harvy
830,Willam Bryan,William Bryan
831,Richard E Lee,Richard Lee
832,John Carter,John Carter jr
833,George Carrington,George Carrington Jr
834,Benjamin Ruffin,Benjamin Ruffin Jr
835,James Ladd Executor of Atkinsons Est ,James Ladd
836,James Mercer for Samuel Seldens Wars ,James Mercer
837,Richard Taylor,Richard Squire Taylor
838,Francis Lee,Francis Lightfoot Lee
839,Winthrop Sargent,Winthrop Sargeant
840,Nehemiah Parson,Nehemiah Parsons
841,Benjamin Titcomb,Benjamin Ticomb
842,Jacob Treadwell,Jacob Tredwell
843,Benjamin Brown,Benjamin Browne
844,Thomas Williams,Thomas M Williams
845,William Gray,William Gray 3rd
846,Joseph H Shepard,Joseph Shepard
847,Enoch Titcomb,Enoch Titcomb 3rd
848,Samuel McClellan,Samuel McLellan
849,Benjamin Summer,Benjamin Summers
850,William Morris,William Moris
851,John Humpheys,John Humphreys
852,Abijah Savage,Habijah Savage
853,Susannah White,Susanna White
854,John Humphrey,John Humphreys
855,Hannah Hawley,Hannah Haley
856,John Williams,John William
857,John Thompson,John Tompson
858,Caleb Fowler,Caleb Fowle
859,John Tyler,John Tayler
860,Timothy Green,Timothy J. Green
861,Thomas C Green,Thomas Green
862,Joseph P Cooke,Joseph Cooke
863,Samuel W Williams,Samuel Williams
864,William St John,William John
865,William St John,John William
866,John Norton,John H Norton
867,Robert C Johnson,Robert Johnson
868,John Williams,John Davis Williams
869,John Williams,John F Williams
870,John Williams,John M Williams
871,Nicholas Cruger,Nicolas Cruger
872,Ebenezer Storer,Ebenzer Storer
873,Helena Bogart,Helenah Bogart
874,Helena Bogart,Helenat Bogart
875,William Rogers,William Roger
876,Robert R Randall,Robert Randall
877,John L Hunn,John Hunn
878,John R B Rogers,John Rogers
879,William W Morris,William Morris
880,Philip Stockton,Phillip Stockton
881,Michael Burke,Michael Bourke
882,James Wilson,James Willson
883,Thomas Jones,Thomas Johnes
884,John Stricker,John Striker
885,Samuel Hayes,Samuel Haynes
886,John Bennet,John Bennett
887,David Evans,David Devans
888,John Craig,John Craige
889,John Brown,John Browne
890,John Olden,John Golden
891,George Washington,George Washington Esqr
892,Jonathan B Smith,Jonathan Smith
893,Thomas L Moore,Thomas Moore
894,Christopher Johnston,Christopher Johnson
895,William Matthews,William Mathews
896,Thomas Thornton,Thomas Thorton
897,William Miller,William Millner
898,Samuel Sterett,Samuel Steret
899,Henry Gardiner,Henry Gardner
900,Robert Gilmor,Robert Gilmore
901,William  Sharp,William Sharp
902,William Faris,William Farris
903,Sarah Marshall,Sarah Marshal
904,Joshua Howard,Josua Howard
905,John Davidson,John Davison
906,Thomas Waters,Thomas Water
907,Thomas Beatty,Thomas Beaty
908,Samuel Beall,Samuel Bealle
909,Peter Hoffman,Peter Hofman
910,Daniel Clarke,Daniel Clark
911,Jacob Walter,Jacob Alter
912,Sam Smith,Sam S Smith
913,Alexander Lawson Smith,Alexander Smith
914,John Thompson Mason,John Thompson
915,Samuel Jn Smith,Samuel Smith
916,William Miller,William F Miller
917,John Ashton,John Ashton Jr
918,John E Howard,John Howard
919,Wiliam Alexander,William Alexander
920,Nathaniel Steele,Nathaniel Seele
921,William Price,William Prince
922,John Hamilton,John Hammilton
923,John Robinson,John Robbinson
924,George Mofatt,George Moffatt
925,William Hines,William Haines
926,David Stuart,David Steuart
927,Robert Means,Robert Mearns
928,Thomas Perice,Thomas Price
929,Willam White,William White
930,Joseph Clarke,Joseph Clark
931,John Brooke,John Brooker
932,John Wilson,John Willson
933,John Herdman,John Herman
934,John Cropper,John Copper
935,John Brooke,John Brook
936,Garret John,John Garret
937,John P Thomas,John Thomas
938,Richard M Scott,Richard Scott
939,James Henry,Henry James
940,Samuel K Bradford,Samuel Bradford
941,John Brooke,John Tin. Brooke
942,Eliphalet Ladd,Eliphalett Ladd
943,Barnet Akerman,Barnett Akerman
944,George Gains,George Gaines
945,Jedediah Huntington,Jeddediah Huntington
946,Gurdon Saltonstall,Gurdon Salstonstall
947,Jonathan Trumbull,Jonathan Trumbul
948,William Olmsted,William Olmstead
949,Thaddeus Leavitt,Thaddeus Leavit
950,Charles Eldridge,Charles Eldidge
951,Solomon Wadham,Solomon Wadhams
952,Matthew Sears,Mathew Sears
953,Joseph Knight,Joseph Night
954,John Thompson,John Thomson
955,Samuel Huntington III,Samuel Huntington
956,Daniel L Coit,Daniel Coit
957,Abraham Brinkerhoff,Abraham Brinckerhoff
958,Simon Van Anterp,Simon Van Antwerp
959,Marinus Willett,Marinu Willett
960,John Buchanan,John Buchannan
961,Joseph Hallett,Joseph Hallet
962,Joseph Young,Joseph Youngs
963,John Jacob Beekman,Jacob Beekman
964,Abraham Lansing,Abraham G Lansing
965,Abraham Lansing,Abraham A Lansingh
966,Anthony L Bleecker,Anthony Bleeker
967,John N Blecker,John Bleecker
968,Edward Williams,William Edwards
969,John N Blecker,John Becker
970,William Elliot,William Elliott
971,John Lockhart,John Lochart
972,John Lockhart,John Lockart
973,John O'Connor,John Connor
974,James Moore,James Farncis Moore
975,James Johnston John McDowell,John Johnston
976,Matthew Fitzwater,Mathew Fitzwater
977,Blair McClenahan,Blair McClenachan
978,Matthew McConnell,Mathew McConnell
979,George Douglass,George Douglas
980,Matthew Vanlear,Mathew Vanlear
981,Gabriel Heister,Gabriel Hester
982,William Martin,William Martain
983,William Findley,William Finley
984,William Broades,William Broads
985,Thomas Robinson,Thomas Robison
986,Diedrick Gaumer,Dedrick Gaumer
987,Frederick Antis,Fredrick Antis
988,James Campbell,James Cambell
989,Robert Bridges,Robert Bridge
990,Jonathan Smith,Jonathn Smith
991,George Aston,George Easton
992,Daniel Snyder,Daniel Snyer
993,Hannah Duton,Hannah Dutton
994,Jacob Frank,Jacob Franks
995,Jacob Myers,Jacob Mayers
996,Jacob Winey,Jacob Winney
997,Isaac Craige,Isaac Craig
998,John Rhoads,John Roads
999,John Creigh,John Reigh
1000,Jonathan Smith,Jonathan B Smith
1001,Thomas Francis,Francis Thomas
1002,Henry Huttenstein,Henry Hottenstein
1003,Simon Bennett,Simeon Bennet
1004,Peter Williams,William Peter
1005,James Johnston John McDowell,James Johnston
1006,James Morris,James Morris Jones
1007,Jonathan B Smith,Jonathn Smith
1008,William Williams,William Will
1009,James Jones,James Morris Jones
1010,James Gordon Heron,James Herron
1011,William Smith,William Hooker Smith
1012,Joshua Brackett,Joshua Bracket
1013,Michael Hodge,Michael Hodges
1014,Samuel White,Samuel Whiten
1015,Samuel Tufts,Samuel Tuffts
1016,John Lane,John Mc Lane
1017,John Lane,John M Lane
1018,John Fisher,John Fishear
1019,John Humphrey,John Humprey
1020,John Coburn,John Colburn
1021,Samuel P Lord,Samuel Lord
1022,Stephen Field,Stephen Fields
1023,John Humphrey,John Humphry
1024,Simeon Smith,Simon Smith
1025,John Williams,John Mc Williams
1026,James Clark,James D Clark
1027,William Williams,William Mc Williams
1028,Thomas Edgars,Thomas Edgar
1029,William Smith,William L Smith
1030,William Hart,William D Hart
1031,Nathaniel Green,Nathaniel Greene
1032,Edward Williams,edward p williams
1033,Abraham Lansing,Abraham H Lansing
1034,Jonathan Dayton,Jonathan I Dayton
1035,Elbridge Gerry,Eldbridge Gerry
1036,John Story,John Storey
1037,John Olden,John Holden
1038,Ralph Phillips,Ralph Philips
1039,Abraham Mosser,Abraham Osser
1040,William Hayes,William Haynes
1041,John Creigh,John Creig
1042,Thomas M Willing,Thomas Willing
1043,John West,John Van West
1044,John Smith,John L Smith
1045,John Chamberlain,John Chamberlin
1046,James Davidson,James Davison
1047,James Irvine,James Irvin
1048,David Jones,David Johnes
1049,Peter Williams,Peter William
1050,James Morris,James Morriss
1051,John Sumners,John Sumner
1052,John H Stone,John Stone
1053,William Wilkins,Wiliam Wilkins
1054,Robert Johnson,Robert Johnston
1055,William Wilson,William Willson
1056,John Bennett,John Bennet
1057,William Cole,William H Cole
1058,William Patterson,William Paterson
1059,Daniel Jenifer,Daniel Jenifer Adams
1060,John Graham,John A Graham
1061,William Parsons,William Parson
1062,William Barret,William Barre
1063,John Robinson,John Robison
1064,George Jackson,George H Jackson
1065,William Barret,William Barrett
1066,David Choate,David Choates
1067,Jacob Brown,Jacob R Brown
1068,George Frost,George P Frost
1069,Benjamin Tallmadge,Benjamin Talmadge
1070,Philip B Bradley,Phillip B Bradley
1071,Nathaniel Matson,Nathaniel Mason
1072,Philip B Bradley,PhilipB Bradley
1073,Joseph Woodruff,Joseph Woodruffe
1074,Richard Douglass,Richard Douglas
1075,Erastus Wolcott,Erastus Woolcott
1076,John Davenport,John Deavenport
1077,Timothy Burnham,Timothy Burnam
1078,Daniel Watrous,Daniel Waterous
1079,Benjamin Troop,Benjamin Throop
1080,Pownal Deming,Pownal Demming
1081,William Matson,William Mason
1082,Richard Green,Richard Greene
1083,John Whitman,John Whiteman
1084,Thaddeus Weed,Thadeus Weed
1085,Simeon Avery,Simon Avery
1086,David Booth,David Boothe
1087,Roger Wells,Roger Welles
1088,James Green,James Greene
1089,Roger Wells,Rogers Wells
1090,Elias Mason,Elias Meason
1091,Asahel Beebe,Ashel Beebe
1092,John Goodwin,John Godwin
1093,Heman Swift,Herman Swift
1094,John Ripley,John Riley
1095,John Strong,John Stong
1096,Reuben Moss,Ruben Moss
1097,John Morgan,John Organ
1098,Thomas Russell,Thomas C Russell
1099,William Jones,William 1st Jones
1100,John Thomas,John G Thomas
1101,William Jones,William 2nd Jones
1102,John Williams,John 2d Williams
1103,William Smith,William S Smith
1104,Jonathan Palmer,Jonathan W Palmer
1105,George D Avery,George Avery
1106,William Smith,William 2d Smith
1107,William Smith,William J Smith
1108,William Smith,William V Smith
1109,Samuel W Pomeroy,Samuel Pomeroy
1110,James Gray,James W Gray
1111,John Brown,John Sr. Brown
1112,John Brown,John Jr. Brown
1113,John Brown,John A Brown
1114,John Brown,John 2d Brown
1115,James Glentworth,James Glenworth
1116,Frederick Vernon,Fredrick Vernon
1117,Reading Beatty,Readding Beatty
1118,Joseph Thompson,Joseph Thomson
1119,Patrick Byrne,Patrick Byrnes
1120,Jacob Weitzell,Jacob Weitzel
1121,Joseph Ashton,Joseph Asheton
1122,Reading Beatty,Reading Beaty
1123,John McConnell,John McConnel
1124,Jacob Weitzell,Jacob Witzell
1125,John McCleland,John McClelan
1126,William Graham,Wiliam Graham
1127,Patrick Duffey,Patrick Duffy
1128,Jacob Weitzell,Jacob Wetzell
1129,Thomas Edwards,Thomas Edward
1130,John Thomson,John Thomason
1131,Philip Reily,Philip Reiley
1132,Thomas Broom,Thomas Broome
1133,Thomas Dungan,Thomas Dugan
1134,Phillip Brown,Philip Brown
1135,Henry Piercy,Henry Piercey
1136,John Stricker,John Sticker
1137,John Jamison,John Jamieson
1138,Lewis Shell,Lewis Shelle
1139,John Bright,John Ebright
1140,John Rhoads,John Rhoades
1141,Jacob Myers,Jacob Moyers
1142,John Murray,John Murry
1143,John Taylor,John Tylor
1144,John Rhoads,John Rhoad
1145,John Reily,John Reiley
1146,John Jones,John Joynes
1147,John Smith,John C Smith
1148,James Jones,James M'Jones
1149,John Smith,John K Smith
1150,Robert Johnston,Robert Sr. Johnston
1151,Philip Reily,Philip O'Reily
1152,John Taylor,John 2d Taylor
1153,John Salter,John Jr. Salter
1154,John Salter,John Sr. Salter
1155,John Smith,John 4th Smith
1156,John Smith,John 1st Smith
1157,James Jones,James M Jones
1158,James Smith,James 3d Smith
1159,James Smith,James 4th Smith
1160,Henry Chapman,Henry H Chapman
1161,John Smith,John 3d Smith
1162,John Smith,John 2d Smith
1163,John Smith,John Sr. Smith
1164,Richard Anderson,RichardC Anderson
1165,John McClellan,John McClelan
1166,Jacob Walter,Jacob Walters
1167,John Callhan,John Callahan
1168,Michael Smith,Michal Smith
1169,Henry O'Neale,Henry O'Neal
1170,Gerrard Wood,Gerard Wood
1171,John Thomas,Thomas John
1172,James Williams,James M'Williams
1173,George William West,William George
1174,The Treasurer of Cincinnati ,Treasurer of Cincinnati
1175,Whitehead Coleman,Whitehead Colman
1176,William Moseley,William Mosely
1177,William Price,William Preice
1178,John Donnell,John Donnelly
1179,James Brown,James Browne
1180,Matthew Rhea,Mathew Rhea
1181,John Ryland,John Rylands
1182,John Brooke,John Brookes
1183,John Brooke,John Rooke
1184,John Wilson,John 2d Wilson
1185,William Wallace,William B Wallace
1186,James Henry,James M'Henry
1187,John Carter,John 2d Carter
1188,John Carter,John C Carter